_time,packet_id,gyro_x,gyro_y,gyro_z,accel_x,accel_y,accel_z,quat_x,quat_y,quat_z,quat_w
2023-12-29 16:08:36.811945,0,0.00,-1.00,0.00,63.00,4105.00,-244.00,0.47,0.56,0.53,0.43
2023-12-29 16:08:36.820581,1,0.00,-1.00,0.00,63.00,4105.00,-244.00,0.47,0.56,0.53,0.43
2023-12-29 16:08:36.822573,2,2.00,-1.00,1.00,57.00,4114.00,-237.00,0.47,0.56,0.53,0.43
2023-12-29 16:08:36.832626,3,0.00,0.00,0.00,60.00,4104.00,-239.00,0.47,0.56,0.53,0.43
2023-12-29 16:08:36.837360,4,-3.00,0.00,1.00,66.00,4100.00,-250.00,0.47,0.56,0.53,0.43
2023-12-29 16:08:36.842542,5,3.00,0.00,1.00,61.00,4098.00,-248.00,0.47,0.56,0.53,0.43
2023-12-29 16:08:36.849457,6,3.00,0.00,1.00,61.00,4098.00,-248.00,0.47,0.56,0.53,0.43
2023-12-29 16:08:36.852875,7,0.00,1.00,0.00,61.00,4093.00,-254.00,0.47,0.56,0.53,0.43
2023-12-29 16:08:36.859448,8,1.00,-1.00,0.00,66.00,4091.00,-244.00,0.47,0.56,0.53,0.43
2023-12-29 16:08:36.865299,9,0.00,-2.00,0.00,70.00,4089.00,-254.00,0.47,0.56,0.53,0.43
2023-12-29 16:08:36.869315,10,0.00,-2.00,0.00,75.00,4104.00,-249.00,0.47,0.56,0.53,0.43
2023-12-29 16:08:36.873214,11,2.00,0.00,0.00,53.00,4105.00,-246.00,0.47,0.56,0.53,0.43
2023-12-29 16:08:36.878835,12,-2.00,-1.00,1.00,67.00,4105.00,-246.00,0.47,0.56,0.53,0.43
2023-12-29 16:08:36.882205,13,0.00,0.00,0.00,76.00,4100.00,-245.00,0.47,0.56,0.53,0.43
2023-12-29 16:08:36.886399,14,0.00,0.00,4.00,57.00,4112.00,-236.00,0.47,0.56,0.53,0.43
2023-12-29 16:08:36.891095,15,0.00,-1.00,0.00,72.00,4100.00,-242.00,0.47,0.56,0.53,0.43
2023-12-29 16:08:36.896978,16,1.00,1.00,3.00,65.00,4108.00,-258.00,0.47,0.56,0.53,0.43
2023-12-29 16:08:36.902593,17,1.00,1.00,3.00,65.00,4108.00,-258.00,0.47,0.56,0.53,0.43
2023-12-29 16:08:36.906791,18,2.00,0.00,2.00,59.00,4108.00,-240.00,0.47,0.56,0.53,0.43
2023-12-29 16:08:36.912729,19,0.00,0.00,0.00,62.00,4103.00,-251.00,0.47,0.56,0.53,0.43
2023-12-29 16:08:36.918085,20,0.00,1.00,0.00,70.00,4087.00,-255.00,0.47,0.56,0.53,0.43
2023-12-29 16:08:36.921534,21,1.00,1.00,-1.00,73.00,4110.00,-251.00,0.47,0.56,0.53,0.43
2023-12-29 16:08:36.926033,22,-1.00,-1.00,0.00,50.00,4107.00,-244.00,0.47,0.56,0.53,0.43
2023-12-29 16:08:36.931322,23,0.00,0.00,0.00,82.00,4108.00,-242.00,0.47,0.56,0.53,0.43
2023-12-29 16:08:36.934927,24,1.00,0.00,0.00,59.00,4105.00,-248.00,0.47,0.56,0.53,0.43
2023-12-29 16:08:36.946165,25,0.00,-1.00,0.00,67.00,4099.00,-250.00,0.47,0.56,0.53,0.43
2023-12-29 16:08:36.950122,26,0.00,0.00,0.00,58.00,4106.00,-245.00,0.47,0.56,0.53,0.43
2023-12-29 16:08:36.953112,27,1.00,0.00,1.00,73.00,4097.00,-252.00,0.47,0.56,0.53,0.43
2023-12-29 16:08:36.961599,28,1.00,0.00,1.00,73.00,4097.00,-252.00,0.47,0.56,0.53,0.43
2023-12-29 16:08:36.965584,29,0.00,0.00,1.00,63.00,4100.00,-239.00,0.47,0.56,0.53,0.43
2023-12-29 16:08:36.969571,30,-2.00,0.00,0.00,64.00,4098.00,-248.00,0.47,0.56,0.53,0.43
2023-12-29 16:08:36.976025,31,0.00,1.00,3.00,64.00,4098.00,-247.00,0.47,0.56,0.53,0.43
2023-12-29 16:08:36.981032,32,0.00,1.00,2.00,70.00,4105.00,-237.00,0.47,0.56,0.53,0.43
2023-12-29 16:08:36.991148,33,0.00,1.00,1.00,75.00,4099.00,-245.00,0.47,0.56,0.53,0.43
2023-12-29 16:08:36.997653,34,0.00,1.00,1.00,75.00,4099.00,-245.00,0.47,0.56,0.53,0.43
2023-12-29 16:08:37.001694,35,1.00,-2.00,0.00,60.00,4091.00,-253.00,0.47,0.56,0.53,0.43
2023-12-29 16:08:37.005690,36,-2.00,0.00,1.00,73.00,4103.00,-241.00,0.47,0.56,0.53,0.43
2023-12-29 16:08:37.012875,37,-3.00,0.00,3.00,62.00,4099.00,-246.00,0.47,0.56,0.53,0.43
2023-12-29 16:08:37.017876,38,-4.00,3.00,0.00,70.00,4096.00,-250.00,0.47,0.56,0.53,0.43
2023-12-29 16:08:37.022840,39,0.00,-3.00,2.00,52.00,4101.00,-252.00,0.47,0.56,0.53,0.43
2023-12-29 16:08:37.028823,40,-5.00,0.00,-1.00,75.00,4101.00,-245.00,0.47,0.56,0.53,0.43
2023-12-29 16:08:37.032816,41,0.00,0.00,0.00,70.00,4113.00,-251.00,0.47,0.56,0.53,0.43
2023-12-29 16:08:37.036795,42,0.00,0.00,0.00,70.00,4113.00,-251.00,0.47,0.56,0.53,0.43
2023-12-29 16:08:37.040789,43,-1.00,0.00,1.00,68.00,4098.00,-253.00,0.47,0.56,0.53,0.43
2023-12-29 16:08:37.050748,44,1.00,0.00,1.00,60.00,4112.00,-251.00,0.47,0.56,0.53,0.43
2023-12-29 16:08:37.054734,45,2.00,0.00,0.00,77.00,4105.00,-249.00,0.47,0.56,0.53,0.43
2023-12-29 16:08:37.060048,46,0.00,-2.00,2.00,61.00,4110.00,-233.00,0.47,0.56,0.53,0.43
2023-12-29 16:08:37.066253,47,-1.00,-2.00,0.00,63.00,4108.00,-257.00,0.47,0.56,0.53,0.43
2023-12-29 16:08:37.070648,48,1.00,0.00,0.00,67.00,4104.00,-256.00,0.47,0.56,0.53,0.43
2023-12-29 16:08:37.080622,49,1.00,0.00,0.00,67.00,4104.00,-256.00,0.47,0.56,0.53,0.43
2023-12-29 16:08:37.095348,50,0.00,-1.00,0.00,65.00,4098.00,-256.00,0.47,0.56,0.53,0.43
2023-12-29 16:08:37.111309,51,2.00,2.00,1.00,64.00,4097.00,-250.00,0.47,0.56,0.53,0.43
2023-12-29 16:08:37.116315,52,-1.00,-3.00,1.00,64.00,4108.00,-253.00,0.47,0.56,0.53,0.43
2023-12-29 16:08:37.119360,53,-2.00,0.00,0.00,67.00,4094.00,-250.00,0.47,0.56,0.53,0.43
2023-12-29 16:08:37.125076,54,-2.00,0.00,0.00,67.00,4094.00,-250.00,0.47,0.56,0.53,0.43
2023-12-29 16:08:37.131529,55,0.00,0.00,0.00,64.00,4105.00,-246.00,0.47,0.56,0.53,0.43
2023-12-29 16:08:37.134516,56,2.00,-1.00,0.00,66.00,4094.00,-252.00,0.47,0.56,0.53,0.43
2023-12-29 16:08:37.138837,57,1.00,-2.00,0.00,58.00,4092.00,-239.00,0.47,0.56,0.53,0.43
2023-12-29 16:08:37.145325,58,0.00,0.00,2.00,69.00,4104.00,-253.00,0.47,0.56,0.53,0.43
2023-12-29 16:08:37.149330,59,-1.00,3.00,0.00,51.00,4113.00,-242.00,0.47,0.56,0.53,0.43
2023-12-29 16:08:37.153288,60,1.00,0.00,0.00,60.00,4110.00,-251.00,0.47,0.56,0.53,0.43
2023-12-29 16:08:37.156622,61,1.00,0.00,0.00,60.00,4110.00,-251.00,0.47,0.56,0.53,0.43
2023-12-29 16:08:37.163592,62,0.00,0.00,0.00,66.00,4090.00,-249.00,0.47,0.56,0.53,0.43
2023-12-29 16:08:37.168574,63,-1.00,0.00,0.00,59.00,4099.00,-243.00,0.47,0.56,0.53,0.43
2023-12-29 16:08:37.172562,64,-3.00,0.00,1.00,63.00,4108.00,-245.00,0.47,0.56,0.53,0.43
2023-12-29 16:08:37.179541,65,1.00,-1.00,2.00,64.00,4103.00,-233.00,0.47,0.56,0.53,0.43
2023-12-29 16:08:37.182581,66,0.00,0.00,0.00,66.00,4100.00,-246.00,0.47,0.56,0.53,0.43
2023-12-29 16:08:37.186373,67,2.00,-1.00,2.00,51.00,4096.00,-252.00,0.47,0.56,0.53,0.43
2023-12-29 16:08:37.190185,68,1.00,1.00,-1.00,71.00,4099.00,-254.00,0.47,0.56,0.53,0.43
2023-12-29 16:08:37.195463,69,1.00,2.00,3.00,50.00,4099.00,-241.00,0.47,0.56,0.53,0.43
2023-12-29 16:08:37.201672,70,0.00,1.00,1.00,66.00,4100.00,-243.00,0.47,0.56,0.53,0.43
2023-12-29 16:08:37.205746,71,0.00,-1.00,0.00,62.00,4090.00,-246.00,0.47,0.56,0.53,0.43
2023-12-29 16:08:37.210489,72,1.00,0.00,2.00,69.00,4102.00,-249.00,0.47,0.56,0.53,0.43
2023-12-29 16:08:37.230269,73,1.00,0.00,0.00,74.00,4107.00,-245.00,0.47,0.56,0.53,0.43
2023-12-29 16:08:37.235593,74,0.00,2.00,2.00,68.00,4101.00,-235.00,0.47,0.56,0.53,0.43
2023-12-29 16:08:37.246496,75,3.00,1.00,0.00,75.00,4097.00,-243.00,0.47,0.56,0.53,0.43
2023-12-29 16:08:37.251805,76,1.00,-1.00,-1.00,62.00,4097.00,-259.00,0.47,0.56,0.53,0.43
2023-12-29 16:08:37.255792,77,0.00,0.00,0.00,68.00,4102.00,-246.00,0.47,0.56,0.53,0.43
2023-12-29 16:08:37.262852,78,0.00,0.00,-1.00,69.00,4094.00,-241.00,0.47,0.56,0.53,0.43
2023-12-29 16:08:37.267752,79,-1.00,2.00,0.00,68.00,4100.00,-248.00,0.47,0.56,0.53,0.43
2023-12-29 16:08:37.271819,80,1.00,1.00,0.00,60.00,4093.00,-246.00,0.47,0.56,0.53,0.43
2023-12-29 16:08:37.279713,81,-2.00,0.00,1.00,53.00,4090.00,-255.00,0.47,0.56,0.53,0.43
2023-12-29 16:08:37.284707,82,2.00,-1.00,1.00,75.00,4096.00,-249.00,0.47,0.56,0.53,0.43
2023-12-29 16:08:37.287743,83,2.00,-1.00,1.00,75.00,4096.00,-249.00,0.47,0.56,0.53,0.43
2023-12-29 16:08:37.291681,84,2.00,-1.00,1.00,75.00,4096.00,-249.00,0.47,0.56,0.53,0.43
2023-12-29 16:08:37.305330,85,2.00,-1.00,-1.00,68.00,4103.00,-244.00,0.47,0.56,0.53,0.43
2023-12-29 16:08:37.314598,86,0.00,-1.00,-1.00,75.00,4116.00,-246.00,0.47,0.56,0.53,0.43
2023-12-29 16:08:37.319221,87,-1.00,-1.00,0.00,67.00,4107.00,-251.00,0.47,0.56,0.53,0.43
2023-12-29 16:08:37.323634,88,-1.00,-1.00,0.00,67.00,4107.00,-251.00,0.47,0.56,0.53,0.43
2023-12-29 16:08:37.334197,89,-1.00,1.00,0.00,62.00,4099.00,-245.00,0.47,0.56,0.53,0.43
2023-12-29 16:08:37.344506,90,0.00,2.00,1.00,75.00,4093.00,-245.00,0.47,0.56,0.53,0.43
2023-12-29 16:08:37.349552,91,-3.00,0.00,0.00,70.00,4107.00,-264.00,0.47,0.56,0.53,0.43
2023-12-29 16:08:37.352759,92,0.00,0.00,0.00,74.00,4094.00,-253.00,0.47,0.56,0.53,0.43
2023-12-29 16:08:37.355159,93,0.00,0.00,0.00,74.00,4094.00,-253.00,0.47,0.56,0.53,0.43
2023-12-29 16:08:37.362476,94,-1.00,-3.00,1.00,73.00,4097.00,-254.00,0.47,0.56,0.53,0.43
2023-12-29 16:08:37.365691,95,1.00,1.00,0.00,66.00,4091.00,-246.00,0.47,0.56,0.53,0.43
2023-12-29 16:08:37.368993,96,0.00,1.00,0.00,72.00,4100.00,-244.00,0.47,0.56,0.53,0.43
2023-12-29 16:08:37.373269,97,-1.00,0.00,0.00,64.00,4108.00,-238.00,0.47,0.56,0.53,0.43
2023-12-29 16:08:37.378659,98,0.00,3.00,2.00,69.00,4103.00,-245.00,0.47,0.56,0.53,0.43
2023-12-29 16:08:37.383164,99,1.00,-1.00,-2.00,72.00,4088.00,-242.00,0.47,0.56,0.53,0.43
2023-12-29 16:08:37.386490,100,0.00,1.00,1.00,57.00,4103.00,-256.00,0.47,0.56,0.53,0.43
2023-12-29 16:08:37.401035,101,1.00,-1.00,3.00,73.00,4100.00,-251.00,0.47,0.56,0.53,0.43
2023-12-29 16:08:37.403037,102,1.00,-1.00,3.00,73.00,4100.00,-251.00,0.47,0.56,0.53,0.43
2023-12-29 16:08:37.406094,103,0.00,0.00,1.00,57.00,4093.00,-249.00,0.47,0.56,0.53,0.43
2023-12-29 16:08:37.412204,104,-2.00,1.00,3.00,74.00,4096.00,-246.00,0.47,0.56,0.53,0.43
2023-12-29 16:08:37.415176,105,-2.00,1.00,3.00,74.00,4096.00,-246.00,0.47,0.56,0.53,0.43
2023-12-29 16:08:37.418168,106,2.00,3.00,3.00,64.00,4108.00,-254.00,0.47,0.56,0.53,0.43
2023-12-29 16:08:37.420162,107,1.00,3.00,0.00,69.00,4109.00,-245.00,0.47,0.56,0.53,0.43
2023-12-29 16:08:37.440707,108,4.00,0.00,0.00,59.00,4103.00,-245.00,0.47,0.56,0.53,0.43
2023-12-29 16:08:37.449031,109,-2.00,0.00,0.00,66.00,4099.00,-244.00,0.47,0.56,0.53,0.43
2023-12-29 16:08:37.454082,110,-2.00,0.00,0.00,66.00,4099.00,-244.00,0.47,0.56,0.53,0.43
2023-12-29 16:08:37.461943,111,1.00,1.00,2.00,64.00,4114.00,-242.00,0.47,0.56,0.53,0.43
2023-12-29 16:08:37.467480,112,1.00,0.00,0.00,75.00,4098.00,-246.00,0.47,0.56,0.53,0.43
2023-12-29 16:08:37.472421,113,2.00,0.00,1.00,69.00,4118.00,-250.00,0.47,0.56,0.53,0.43
2023-12-29 16:08:37.481041,114,0.00,0.00,0.00,60.00,4104.00,-247.00,0.47,0.56,0.53,0.43
2023-12-29 16:08:37.485999,115,0.00,0.00,1.00,58.00,4095.00,-241.00,0.47,0.56,0.53,0.43
2023-12-29 16:08:37.493116,116,0.00,0.00,-2.00,67.00,4106.00,-248.00,0.47,0.56,0.53,0.43
2023-12-29 16:08:37.498895,117,0.00,0.00,0.00,68.00,4095.00,-246.00,0.47,0.56,0.53,0.43
2023-12-29 16:08:37.502355,118,0.00,0.00,0.00,68.00,4095.00,-246.00,0.47,0.56,0.53,0.43
2023-12-29 16:08:37.509106,119,0.00,0.00,0.00,72.00,4095.00,-243.00,0.47,0.56,0.53,0.43
2023-12-29 16:08:37.514602,120,0.00,0.00,2.00,63.00,4093.00,-245.00,0.47,0.56,0.53,0.43
2023-12-29 16:08:37.519261,121,0.00,0.00,0.00,66.00,4104.00,-245.00,0.47,0.56,0.53,0.43
2023-12-29 16:08:37.525616,122,0.00,0.00,0.00,66.00,4104.00,-245.00,0.47,0.56,0.53,0.43
2023-12-29 16:08:37.530336,123,0.00,0.00,1.00,56.00,4100.00,-256.00,0.47,0.56,0.53,0.43
2023-12-29 16:08:37.534117,124,-2.00,0.00,0.00,59.00,4107.00,-256.00,0.47,0.56,0.53,0.43
2023-12-29 16:08:37.537559,125,-1.00,2.00,1.00,69.00,4093.00,-232.00,0.47,0.56,0.53,0.43
2023-12-29 16:08:37.540651,126,-1.00,0.00,2.00,70.00,4100.00,-239.00,0.47,0.56,0.53,0.43
2023-12-29 16:08:37.546760,127,0.00,0.00,0.00,59.00,4092.00,-241.00,0.47,0.56,0.53,0.43
2023-12-29 16:08:37.551210,128,-2.00,-1.00,1.00,55.00,4105.00,-255.00,0.47,0.56,0.53,0.43
2023-12-29 16:08:37.553211,129,-1.00,0.00,0.00,66.00,4098.00,-248.00,0.47,0.56,0.53,0.43
2023-12-29 16:08:37.556992,130,-1.00,0.00,0.00,66.00,4098.00,-248.00,0.47,0.56,0.53,0.43
2023-12-29 16:08:37.563256,131,1.00,0.00,3.00,69.00,4097.00,-246.00,0.47,0.56,0.53,0.43
2023-12-29 16:08:37.566490,132,0.00,0.00,0.00,64.00,4091.00,-250.00,0.47,0.56,0.53,0.43
2023-12-29 16:08:37.578279,133,-4.00,0.00,-1.00,64.00,4102.00,-258.00,0.47,0.56,0.53,0.43
2023-12-29 16:08:37.583295,134,0.00,0.00,0.00,68.00,4110.00,-233.00,0.47,0.56,0.53,0.43
2023-12-29 16:08:37.586833,135,-2.00,1.00,0.00,63.00,4104.00,-256.00,0.47,0.56,0.53,0.43
2023-12-29 16:08:37.589030,136,0.00,0.00,0.00,60.00,4108.00,-256.00,0.47,0.56,0.53,0.43
2023-12-29 16:08:37.595460,137,-3.00,0.00,0.00,74.00,4099.00,-247.00,0.47,0.56,0.53,0.43
2023-12-29 16:08:37.599013,138,-3.00,-1.00,0.00,58.00,4099.00,-238.00,0.47,0.56,0.53,0.43
2023-12-29 16:08:37.601386,139,-2.00,0.00,2.00,68.00,4110.00,-244.00,0.47,0.56,0.53,0.43
2023-12-29 16:08:37.606123,140,1.00,0.00,0.00,58.00,4101.00,-246.00,0.47,0.56,0.53,0.43
2023-12-29 16:08:37.611400,141,-2.00,0.00,0.00,56.00,4107.00,-246.00,0.47,0.56,0.53,0.43
2023-12-29 16:08:37.614852,142,0.00,1.00,-2.00,69.00,4101.00,-244.00,0.47,0.56,0.53,0.43
2023-12-29 16:08:37.621529,143,0.00,1.00,-2.00,69.00,4101.00,-244.00,0.47,0.56,0.53,0.43
2023-12-29 16:08:37.627296,144,-1.00,0.00,0.00,69.00,4103.00,-250.00,0.47,0.56,0.53,0.43
2023-12-29 16:08:37.631213,145,0.00,2.00,0.00,68.00,4104.00,-249.00,0.47,0.56,0.53,0.43
2023-12-29 16:08:37.636527,146,0.00,2.00,0.00,68.00,4104.00,-249.00,0.47,0.56,0.53,0.43
2023-12-29 16:08:37.640060,147,1.00,1.00,1.00,62.00,4108.00,-234.00,0.47,0.56,0.53,0.43
2023-12-29 16:08:37.646674,148,-1.00,0.00,0.00,60.00,4094.00,-256.00,0.47,0.56,0.53,0.43
2023-12-29 16:08:37.650886,149,2.00,0.00,2.00,69.00,4105.00,-241.00,0.47,0.56,0.53,0.43
2023-12-29 16:08:37.655428,150,1.00,1.00,2.00,60.00,4110.00,-266.00,0.47,0.56,0.53,0.43
2023-12-29 16:08:37.659712,151,0.00,0.00,2.00,64.00,4100.00,-247.00,0.47,0.56,0.53,0.43
2023-12-29 16:08:37.665392,152,0.00,1.00,0.00,67.00,4105.00,-248.00,0.47,0.56,0.53,0.43
2023-12-29 16:08:37.669384,153,-1.00,0.00,1.00,64.00,4102.00,-245.00,0.47,0.56,0.53,0.43
2023-12-29 16:08:37.672690,154,-1.00,0.00,1.00,64.00,4102.00,-245.00,0.47,0.56,0.53,0.43
2023-12-29 16:08:37.681115,155,0.00,0.00,-1.00,53.00,4116.00,-244.00,0.47,0.56,0.53,0.43
2023-12-29 16:08:37.684548,156,0.00,0.00,0.00,58.00,4103.00,-244.00,0.47,0.56,0.53,0.43
2023-12-29 16:08:37.687729,157,1.00,0.00,2.00,71.00,4101.00,-236.00,0.47,0.56,0.53,0.43
2023-12-29 16:08:37.695926,158,0.00,-1.00,0.00,67.00,4109.00,-251.00,0.47,0.56,0.53,0.43
2023-12-29 16:08:37.699489,159,0.00,1.00,0.00,58.00,4107.00,-260.00,0.47,0.56,0.53,0.43
2023-12-29 16:08:37.702927,160,0.00,1.00,2.00,64.00,4102.00,-251.00,0.47,0.56,0.53,0.43
2023-12-29 16:08:37.725817,161,-3.00,0.00,-1.00,60.00,4102.00,-248.00,0.47,0.56,0.53,0.43
2023-12-29 16:08:37.734791,162,3.00,0.00,1.00,73.00,4100.00,-254.00,0.47,0.56,0.53,0.43
2023-12-29 16:08:37.739775,163,-1.00,0.00,-1.00,67.00,4104.00,-237.00,0.47,0.56,0.53,0.43
2023-12-29 16:08:37.748740,164,-1.00,0.00,0.00,50.00,4104.00,-254.00,0.47,0.56,0.53,0.43
2023-12-29 16:08:37.753764,165,-2.00,-1.00,0.00,68.00,4083.00,-258.00,0.47,0.56,0.53,0.43
2023-12-29 16:08:37.757710,166,2.00,1.00,0.00,57.00,4110.00,-249.00,0.47,0.56,0.53,0.43
2023-12-29 16:08:37.764690,167,-3.00,-1.00,-1.00,66.00,4101.00,-248.00,0.47,0.56,0.53,0.43
2023-12-29 16:08:37.768711,168,0.00,0.00,1.00,62.00,4105.00,-242.00,0.47,0.56,0.53,0.43
2023-12-29 16:08:37.775650,169,-2.00,1.00,0.00,60.00,4108.00,-259.00,0.47,0.56,0.53,0.43
2023-12-29 16:08:37.781635,170,0.00,0.00,0.00,59.00,4104.00,-249.00,0.47,0.56,0.53,0.43
2023-12-29 16:08:37.786660,171,0.00,0.00,0.00,59.00,4104.00,-249.00,0.47,0.56,0.53,0.43
2023-12-29 16:08:37.791648,172,1.00,0.00,1.00,62.00,4096.00,-250.00,0.47,0.56,0.53,0.43
2023-12-29 16:08:37.798238,173,-1.00,0.00,0.00,61.00,4102.00,-235.00,0.47,0.56,0.53,0.43
2023-12-29 16:08:37.802596,174,0.00,0.00,0.00,66.00,4097.00,-253.00,0.47,0.56,0.53,0.43
2023-12-29 16:08:37.805589,175,-1.00,0.00,-1.00,60.00,4092.00,-246.00,0.47,0.56,0.53,0.43
2023-12-29 16:08:37.811566,176,-2.00,0.00,-2.00,62.00,4103.00,-246.00,0.47,0.56,0.53,0.43
2023-12-29 16:08:37.815552,177,-2.00,0.00,-2.00,62.00,4103.00,-246.00,0.47,0.56,0.53,0.43
2023-12-29 16:08:37.821533,178,0.00,-1.00,0.00,64.00,4098.00,-252.00,0.47,0.56,0.53,0.43
2023-12-29 16:08:37.825519,179,0.00,-1.00,0.00,64.00,4098.00,-252.00,0.47,0.56,0.53,0.43
2023-12-29 16:08:37.833515,180,0.00,-1.00,0.00,64.00,4098.00,-252.00,0.47,0.56,0.53,0.43
2023-12-29 16:08:37.837478,181,3.00,1.00,0.00,58.00,4106.00,-255.00,0.47,0.56,0.53,0.43
2023-12-29 16:08:37.841466,182,-2.00,0.00,1.00,69.00,4095.00,-245.00,0.47,0.56,0.53,0.43
2023-12-29 16:08:37.847447,183,0.00,0.00,0.00,63.00,4105.00,-241.00,0.47,0.56,0.53,0.43
2023-12-29 16:08:37.850480,184,0.00,0.00,0.00,63.00,4105.00,-241.00,0.47,0.56,0.53,0.43
2023-12-29 16:08:37.860432,185,0.00,0.00,0.00,72.00,4111.00,-255.00,0.47,0.56,0.53,0.43
2023-12-29 16:08:37.867385,186,0.00,0.00,0.00,63.00,4096.00,-243.00,0.47,0.56,0.53,0.43
2023-12-29 16:08:37.870432,187,1.00,1.00,-1.00,61.00,4111.00,-250.00,0.47,0.56,0.53,0.43
2023-12-29 16:08:37.873568,188,-2.00,0.00,0.00,76.00,4103.00,-245.00,0.47,0.56,0.53,0.43
2023-12-29 16:08:37.880541,189,0.00,2.00,0.00,76.00,4095.00,-245.00,0.47,0.56,0.53,0.43
2023-12-29 16:08:37.883672,190,0.00,1.00,-2.00,63.00,4105.00,-242.00,0.47,0.56,0.53,0.43
2023-12-29 16:08:37.887680,191,0.00,-2.00,0.00,63.00,4092.00,-252.00,0.47,0.56,0.53,0.43
2023-12-29 16:08:37.891568,192,0.00,1.00,0.00,62.00,4095.00,-257.00,0.47,0.56,0.53,0.43
2023-12-29 16:08:37.902785,193,-2.00,0.00,0.00,55.00,4114.00,-251.00,0.47,0.56,0.53,0.43
2023-12-29 16:08:37.905731,194,-1.00,4.00,0.00,58.00,4091.00,-245.00,0.47,0.56,0.53,0.43
2023-12-29 16:08:37.912747,195,-1.00,4.00,0.00,58.00,4091.00,-245.00,0.47,0.56,0.53,0.43
2023-12-29 16:08:37.915760,196,0.00,0.00,3.00,68.00,4099.00,-243.00,0.47,0.56,0.53,0.43
2023-12-29 16:08:37.918731,197,0.00,0.00,-4.00,71.00,4096.00,-257.00,0.47,0.56,0.53,0.43
2023-12-29 16:08:37.923671,198,0.00,0.00,-4.00,71.00,4096.00,-257.00,0.47,0.56,0.53,0.43
2023-12-29 16:08:37.930687,199,2.00,0.00,0.00,62.00,4106.00,-248.00,0.47,0.56,0.53,0.43
2023-12-29 16:08:37.934805,200,0.00,0.00,1.00,70.00,4092.00,-252.00,0.47,0.56,0.53,0.43
2023-12-29 16:08:37.945928,201,1.00,0.00,2.00,73.00,4106.00,-239.00,0.47,0.56,0.53,0.43
2023-12-29 16:08:37.947983,202,-1.00,3.00,-1.00,63.00,4101.00,-242.00,0.47,0.56,0.53,0.43
2023-12-29 16:08:37.951700,203,-1.00,3.00,-1.00,63.00,4101.00,-242.00,0.47,0.56,0.53,0.43
2023-12-29 16:08:37.954705,204,-2.00,0.00,1.00,64.00,4101.00,-249.00,0.47,0.56,0.53,0.43
2023-12-29 16:08:37.966492,205,0.00,0.00,0.00,66.00,4097.00,-248.00,0.47,0.56,0.53,0.43
2023-12-29 16:08:37.970927,206,0.00,0.00,0.00,66.00,4097.00,-248.00,0.47,0.56,0.53,0.43
2023-12-29 16:08:37.974917,207,0.00,0.00,1.00,72.00,4114.00,-249.00,0.47,0.56,0.53,0.43
2023-12-29 16:08:37.980913,208,-2.00,0.00,0.00,66.00,4092.00,-254.00,0.47,0.56,0.53,0.43
2023-12-29 16:08:37.985358,209,1.00,0.00,1.00,56.00,4113.00,-265.00,0.47,0.56,0.53,0.43
2023-12-29 16:08:37.988355,210,0.00,0.00,1.00,66.00,4101.00,-251.00,0.47,0.56,0.53,0.43
2023-12-29 16:08:37.995329,211,3.00,0.00,1.00,64.00,4108.00,-250.00,0.47,0.56,0.53,0.43
2023-12-29 16:08:38.000717,212,0.00,0.00,0.00,63.00,4101.00,-264.00,0.47,0.56,0.53,0.43
2023-12-29 16:08:38.004242,213,2.00,-1.00,0.00,77.00,4096.00,-256.00,0.47,0.56,0.53,0.43
2023-12-29 16:08:38.056496,214,0.00,1.00,2.00,55.00,4098.00,-239.00,0.47,0.56,0.53,0.43
2023-12-29 16:08:38.115338,215,-2.00,0.00,0.00,66.00,4107.00,-235.00,0.47,0.56,0.53,0.43
2023-12-29 16:08:38.121315,216,0.00,0.00,3.00,74.00,4105.00,-252.00,0.47,0.56,0.53,0.43
2023-12-29 16:08:38.127301,217,0.00,0.00,3.00,74.00,4105.00,-252.00,0.47,0.56,0.53,0.43
2023-12-29 16:08:38.133281,218,2.00,0.00,0.00,65.00,4094.00,-251.00,0.47,0.56,0.53,0.43
2023-12-29 16:08:38.178152,219,-2.00,0.00,2.00,66.00,4107.00,-260.00,0.47,0.56,0.53,0.43
2023-12-29 16:08:38.185250,220,-3.00,0.00,-1.00,67.00,4104.00,-245.00,0.47,0.56,0.53,0.43
2023-12-29 16:08:38.189247,221,0.00,3.00,1.00,62.00,4113.00,-242.00,0.47,0.56,0.53,0.43
2023-12-29 16:08:38.236801,222,-1.00,2.00,-1.00,63.00,4091.00,-255.00,0.47,0.56,0.53,0.43
2023-12-29 16:08:38.243786,223,0.00,0.00,0.00,66.00,4107.00,-258.00,0.47,0.56,0.53,0.43
2023-12-29 16:08:38.250766,224,-2.00,1.00,0.00,68.00,4112.00,-246.00,0.47,0.56,0.53,0.43
2023-12-29 16:08:38.298496,225,-1.00,0.00,0.00,74.00,4093.00,-239.00,0.47,0.56,0.53,0.43
2023-12-29 16:08:38.305810,226,0.00,0.00,0.00,65.00,4100.00,-257.00,0.47,0.56,0.53,0.43
2023-12-29 16:08:38.311818,227,1.00,1.00,-1.00,67.00,4110.00,-253.00,0.47,0.56,0.53,0.43
2023-12-29 16:08:38.356505,228,1.00,2.00,-1.00,65.00,4103.00,-258.00,0.47,0.56,0.53,0.43
2023-12-29 16:08:38.365473,229,0.00,0.00,0.00,58.00,4099.00,-244.00,0.47,0.56,0.53,0.43
2023-12-29 16:08:38.370508,230,0.00,0.00,0.00,68.00,4108.00,-240.00,0.47,0.56,0.53,0.43
2023-12-29 16:08:38.535758,231,-2.00,0.00,-1.00,81.00,4101.00,-256.00,0.47,0.56,0.53,0.43
2023-12-29 16:08:38.542117,232,-2.00,-1.00,0.00,65.00,4097.00,-264.00,0.47,0.56,0.53,0.43
2023-12-29 16:08:38.550084,233,0.00,-1.00,1.00,59.00,4099.00,-242.00,0.47,0.56,0.53,0.43
2023-12-29 16:08:38.596262,234,-1.00,0.00,0.00,53.00,4109.00,-257.00,0.47,0.56,0.53,0.43
2023-12-29 16:08:38.603808,235,1.00,2.00,1.00,63.00,4095.00,-240.00,0.47,0.56,0.53,0.43
2023-12-29 16:08:38.609787,236,0.00,0.00,0.00,50.00,4110.00,-247.00,0.47,0.56,0.53,0.43
2023-12-29 16:08:38.618221,237,0.00,0.00,2.00,63.00,4111.00,-244.00,0.47,0.56,0.53,0.43
2023-12-29 16:08:38.656808,238,0.00,2.00,0.00,65.00,4100.00,-252.00,0.47,0.56,0.53,0.43
2023-12-29 16:08:38.663797,239,-1.00,0.00,1.00,61.00,4097.00,-248.00,0.47,0.56,0.53,0.43
2023-12-29 16:08:38.670778,240,-1.00,0.00,1.00,61.00,4097.00,-248.00,0.47,0.56,0.53,0.43
2023-12-29 16:08:38.717073,241,-1.00,0.00,1.00,61.00,4097.00,-248.00,0.47,0.56,0.53,0.43
2023-12-29 16:08:38.724042,242,-2.00,2.00,1.00,83.00,4092.00,-244.00,0.47,0.56,0.53,0.43
2023-12-29 16:08:38.731526,243,-1.00,1.00,0.00,70.00,4098.00,-256.00,0.47,0.56,0.53,0.43
2023-12-29 16:08:38.776096,244,0.00,1.00,0.00,59.00,4110.00,-239.00,0.47,0.56,0.53,0.43
2023-12-29 16:08:38.783300,245,-1.00,2.00,0.00,63.00,4093.00,-252.00,0.47,0.56,0.53,0.43
2023-12-29 16:08:38.788306,246,0.00,1.00,1.00,74.00,4109.00,-242.00,0.47,0.56,0.53,0.43
2023-12-29 16:08:38.836437,247,1.00,0.00,1.00,60.00,4106.00,-238.00,0.47,0.56,0.53,0.43
2023-12-29 16:08:38.843600,248,1.00,1.00,0.00,79.00,4097.00,-243.00,0.47,0.56,0.53,0.43
2023-12-29 16:08:38.855562,249,-1.00,-1.00,-2.00,74.00,4103.00,-250.00,0.47,0.56,0.53,0.43
2023-12-29 16:08:38.896441,250,-1.00,0.00,0.00,69.00,4110.00,-241.00,0.47,0.56,0.53,0.43
2023-12-29 16:08:38.955321,251,-1.00,0.00,1.00,76.00,4096.00,-257.00,0.47,0.56,0.53,0.43
2023-12-29 16:08:38.962295,252,-3.00,0.00,0.00,65.00,4099.00,-234.00,0.47,0.56,0.53,0.43
2023-12-29 16:08:38.969272,253,0.00,-1.00,0.00,59.00,4104.00,-250.00,0.47,0.56,0.53,0.43
2023-12-29 16:08:38.977244,254,0.00,-1.00,0.00,61.00,4102.00,-243.00,0.47,0.56,0.53,0.43
2023-12-29 16:08:39.016949,255,-3.00,-2.00,0.00,62.00,4104.00,-234.00,0.47,0.56,0.53,0.43
2023-12-29 16:08:39.022726,256,0.00,0.00,0.00,65.00,4095.00,-260.00,0.47,0.56,0.53,0.43
2023-12-29 16:08:39.030139,257,0.00,0.00,2.00,63.00,4096.00,-246.00,0.47,0.56,0.53,0.43
2023-12-29 16:08:39.076397,258,0.00,0.00,0.00,64.00,4095.00,-237.00,0.47,0.56,0.53,0.43
2023-12-29 16:08:39.082491,259,0.00,2.00,0.00,57.00,4094.00,-244.00,0.47,0.56,0.53,0.43
2023-12-29 16:08:39.089473,260,0.00,1.00,0.00,60.00,4096.00,-235.00,0.47,0.56,0.53,0.43
2023-12-29 16:08:39.136732,261,0.00,0.00,2.00,70.00,4111.00,-243.00,0.47,0.56,0.53,0.43
2023-12-29 16:08:39.140761,262,2.00,0.00,0.00,74.00,4115.00,-239.00,0.47,0.56,0.53,0.43
2023-12-29 16:08:39.145886,263,-7.00,0.00,0.00,68.00,4111.00,-241.00,0.47,0.56,0.53,0.43
2023-12-29 16:08:39.195796,264,0.00,0.00,2.00,59.00,4107.00,-244.00,0.47,0.56,0.53,0.43
2023-12-29 16:08:39.200290,265,-2.00,-1.00,0.00,62.00,4095.00,-254.00,0.47,0.56,0.53,0.43
2023-12-29 16:08:39.203288,266,-4.00,-1.00,0.00,65.00,4098.00,-249.00,0.47,0.56,0.53,0.43
2023-12-29 16:08:39.256609,267,-1.00,0.00,0.00,60.00,4085.00,-254.00,0.47,0.56,0.53,0.43
2023-12-29 16:08:39.264582,268,2.00,0.00,0.00,69.00,4098.00,-243.00,0.47,0.56,0.53,0.43
2023-12-29 16:08:39.273552,269,2.00,0.00,0.00,69.00,4098.00,-243.00,0.47,0.56,0.53,0.43
2023-12-29 16:08:39.375241,270,2.00,0.00,0.00,69.00,4098.00,-243.00,0.47,0.56,0.53,0.43
2023-12-29 16:08:39.380224,271,1.00,2.00,118.00,-162.00,4115.00,-353.00,0.47,0.56,0.53,0.43
2023-12-29 16:08:39.384212,272,-132.00,6.00,60.00,178.00,4073.00,-71.00,0.47,0.56,0.54,0.43
2023-12-29 16:08:39.388580,273,-132.00,6.00,60.00,178.00,4073.00,-71.00,0.47,0.56,0.54,0.43
2023-12-29 16:08:39.436140,274,-51.00,-2.00,27.00,203.00,4094.00,45.00,0.47,0.56,0.54,0.43
2023-12-29 16:08:39.442120,275,69.00,-2.00,-131.00,82.00,4119.00,-335.00,0.47,0.56,0.54,0.43
2023-12-29 16:08:39.448478,276,-21.00,0.00,46.00,7.00,4048.00,-256.00,0.46,0.56,0.54,0.43
2023-12-29 16:08:39.495608,277,-33.00,-1.00,47.00,159.00,4115.00,-249.00,0.46,0.56,0.54,0.43
2023-12-29 16:08:39.500696,278,-40.00,1.00,33.00,187.00,4122.00,-265.00,0.46,0.56,0.54,0.43
2023-12-29 16:08:39.503843,279,-1.00,0.00,-44.00,87.00,4086.00,-156.00,0.46,0.56,0.54,0.43
2023-12-29 16:08:39.556479,280,7.00,0.00,-32.00,-18.00,4101.00,-188.00,0.46,0.56,0.54,0.43
2023-12-29 16:08:39.561691,281,16.00,-1.00,-16.00,-43.00,4085.00,-212.00,0.46,0.56,0.54,0.43
2023-12-29 16:08:39.565670,282,-6.00,1.00,-28.00,272.00,4074.00,-147.00,0.46,0.56,0.54,0.43
2023-12-29 16:08:39.618113,283,13.00,3.00,-65.00,218.00,4071.00,-137.00,0.46,0.56,0.54,0.43
2023-12-29 16:08:39.622618,284,35.00,0.00,-94.00,111.00,4117.00,-160.00,0.46,0.56,0.54,0.43
2023-12-29 16:08:39.626600,285,47.00,-2.00,-48.00,5.00,4097.00,-241.00,0.46,0.56,0.54,0.43
2023-12-29 16:08:39.676939,286,41.00,-1.00,-31.00,13.00,4105.00,-257.00,0.46,0.56,0.54,0.43
2023-12-29 16:08:39.681928,287,40.00,0.00,-21.00,20.00,4111.00,-231.00,0.46,0.56,0.54,0.43
2023-12-29 16:08:39.685916,288,-32.00,0.00,46.00,81.00,4108.00,-246.00,0.46,0.56,0.54,0.43
2023-12-29 16:08:39.795536,289,-32.00,0.00,40.00,131.00,4108.00,-216.00,0.46,0.56,0.54,0.43
2023-12-29 16:08:39.803033,290,-24.00,0.00,23.00,145.00,4098.00,-236.00,0.46,0.56,0.54,0.43
2023-12-29 16:08:39.808018,291,-24.00,0.00,23.00,145.00,4098.00,-236.00,0.46,0.56,0.54,0.43
2023-12-29 16:08:39.815997,292,-24.00,0.00,23.00,145.00,4098.00,-236.00,0.46,0.56,0.54,0.43
2023-12-29 16:08:39.857859,293,-51.00,0.00,32.00,110.00,4090.00,-220.00,0.46,0.56,0.54,0.43
2023-12-29 16:08:39.862841,294,48.00,0.00,-73.00,53.00,4108.00,-250.00,0.46,0.56,0.54,0.43
2023-12-29 16:08:39.870821,295,48.00,0.00,-73.00,53.00,4108.00,-250.00,0.46,0.56,0.54,0.43
2023-12-29 16:08:39.916501,296,4.00,232.00,486.00,-276.00,4710.00,1270.00,0.46,0.56,0.54,0.43
2023-12-29 16:08:39.922466,297,230.00,-3.00,190.00,949.00,3558.00,-87.00,0.46,0.56,0.54,0.42
2023-12-29 16:08:39.931438,298,-53.00,19.00,23.00,-284.00,4292.00,652.00,0.46,0.56,0.54,0.43
2023-12-29 16:08:39.980895,299,110.00,26.00,145.00,-225.00,4340.00,546.00,0.46,0.56,0.54,0.42
2023-12-29 16:08:39.988024,300,187.00,-59.00,186.00,346.00,4218.00,-436.00,0.46,0.56,0.54,0.42
2023-12-29 16:08:40.002618,301,57.00,-4.00,-20.00,3.00,4089.00,53.00,0.47,0.56,0.54,0.42
2023-12-29 16:08:40.037122,302,95.00,-4.00,22.00,129.00,4110.00,-367.00,0.47,0.56,0.54,0.42
2023-12-29 16:08:40.043104,303,80.00,0.00,19.00,151.00,4095.00,-413.00,0.47,0.56,0.54,0.42
2023-12-29 16:08:40.050086,304,5.00,0.00,-36.00,119.00,4106.00,-62.00,0.47,0.56,0.54,0.42
2023-12-29 16:08:40.099411,305,30.00,0.00,-38.00,141.00,4094.00,-276.00,0.47,0.56,0.54,0.42
2023-12-29 16:08:40.105954,306,14.00,-1.00,-37.00,138.00,4104.00,-290.00,0.47,0.56,0.54,0.42
2023-12-29 16:08:40.112885,307,-2.00,1.00,5.00,91.00,4103.00,-293.00,0.46,0.56,0.54,0.42
2023-12-29 16:08:40.156958,308,-23.00,1.00,4.00,154.00,4098.00,-285.00,0.46,0.56,0.54,0.42
2023-12-29 16:08:40.164929,309,-24.00,2.00,-2.00,168.00,4111.00,-240.00,0.46,0.56,0.54,0.42
2023-12-29 16:08:40.169916,310,-10.00,0.00,-40.00,58.00,4105.00,-217.00,0.46,0.56,0.54,0.42
2023-12-29 16:08:40.217421,311,-11.00,1.00,-24.00,11.00,4114.00,-226.00,0.46,0.56,0.54,0.42
2023-12-29 16:08:40.223791,312,-11.00,0.00,4.00,2.00,4120.00,-226.00,0.46,0.56,0.54,0.42
2023-12-29 16:08:40.231179,313,-5.00,1.00,8.00,166.00,4094.00,-144.00,0.46,0.56,0.54,0.42
2023-12-29 16:08:40.279480,314,14.00,0.00,-7.00,154.00,4099.00,-148.00,0.46,0.56,0.54,0.42
2023-12-29 16:08:40.286510,315,22.00,0.00,-14.00,153.00,4098.00,-162.00,0.46,0.56,0.54,0.42
2023-12-29 16:08:40.291549,316,22.00,0.00,-14.00,153.00,4098.00,-162.00,0.46,0.56,0.54,0.42
2023-12-29 16:08:40.336564,317,28.00,1.00,-37.00,62.00,4106.00,-272.00,0.47,0.56,0.54,0.43
2023-12-29 16:08:40.343782,318,6.00,1.00,-21.00,78.00,4109.00,-258.00,0.47,0.56,0.54,0.43
2023-12-29 16:08:40.349960,319,4.00,2.00,-14.00,126.00,4098.00,-212.00,0.47,0.56,0.54,0.43
2023-12-29 16:08:40.396487,320,8.00,0.00,-19.00,120.00,4116.00,-203.00,0.47,0.56,0.54,0.43
2023-12-29 16:08:40.406239,321,17.00,0.00,-17.00,110.00,4111.00,-181.00,0.47,0.56,0.54,0.43
2023-12-29 16:08:40.410953,322,52.00,0.00,-47.00,14.00,4102.00,-260.00,0.47,0.56,0.54,0.43
2023-12-29 16:08:40.456497,323,52.00,0.00,-47.00,14.00,4102.00,-260.00,0.47,0.56,0.54,0.43
2023-12-29 16:08:40.464709,324,33.00,-4.00,-4.00,-60.00,4115.00,-309.00,0.47,0.56,0.54,0.43
2023-12-29 16:08:40.469737,325,-72.00,8.00,49.00,293.00,4067.00,-294.00,0.47,0.56,0.54,0.43
2023-12-29 16:08:40.516708,326,-72.00,8.00,49.00,293.00,4067.00,-294.00,0.47,0.56,0.54,0.43
2023-12-29 16:08:40.522680,327,-88.00,15.00,-44.00,232.00,4084.00,-187.00,0.47,0.56,0.54,0.43
2023-12-29 16:08:40.530418,328,69.00,-4.00,-64.00,94.00,4100.00,-197.00,0.47,0.56,0.54,0.43
2023-12-29 16:08:40.577495,329,62.00,0.00,-47.00,3.00,4102.00,-315.00,0.47,0.56,0.54,0.43
2023-12-29 16:08:40.585514,330,53.00,-4.00,-40.00,-22.00,4096.00,-325.00,0.47,0.56,0.54,0.43
2023-12-29 16:08:40.590548,331,39.00,-3.00,-61.00,81.00,4092.00,-246.00,0.47,0.56,0.53,0.43
2023-12-29 16:08:40.636887,332,35.00,0.00,-65.00,58.00,4082.00,-269.00,0.47,0.56,0.53,0.43
2023-12-29 16:08:40.648604,333,34.00,0.00,-59.00,37.00,4162.00,-270.00,0.47,0.56,0.53,0.43
2023-12-29 16:08:40.653591,334,-10.00,1.00,20.00,32.00,4102.00,-276.00,0.47,0.56,0.53,0.43
2023-12-29 16:08:40.697108,335,-19.00,2.00,29.00,58.00,4087.00,-271.00,0.47,0.56,0.53,0.43
2023-12-29 16:08:40.704998,336,-28.00,2.00,31.00,65.00,4125.00,-251.00,0.47,0.56,0.53,0.43
2023-12-29 16:08:40.710979,337,-5.00,-1.00,6.00,114.00,4107.00,-196.00,0.47,0.56,0.53,0.43
2023-12-29 16:08:40.756495,338,6.00,0.00,-6.00,126.00,4087.00,-199.00,0.47,0.56,0.53,0.43
2023-12-29 16:08:40.764455,339,15.00,-1.00,-13.00,127.00,4100.00,-197.00,0.47,0.56,0.53,0.43
2023-12-29 16:08:40.816103,340,10.00,1.00,-17.00,47.00,4102.00,-262.00,0.47,0.56,0.53,0.43
2023-12-29 16:08:40.822395,341,9.00,0.00,-12.00,35.00,4107.00,-263.00,0.47,0.56,0.53,0.43
2023-12-29 16:08:40.829374,342,1.00,1.00,-3.00,36.00,4102.00,-265.00,0.47,0.56,0.53,0.43
2023-12-29 16:08:40.835391,343,-15.00,-2.00,18.00,88.00,4119.00,-223.00,0.47,0.56,0.53,0.43
2023-12-29 16:08:40.876953,344,-12.00,0.00,15.00,91.00,4099.00,-230.00,0.47,0.56,0.53,0.43
2023-12-29 16:08:40.934582,345,-14.00,0.00,15.00,84.00,4102.00,-228.00,0.47,0.56,0.53,0.43
2023-12-29 16:08:40.941809,346,11.00,0.00,-16.00,84.00,4098.00,-231.00,0.47,0.56,0.53,0.43
2023-12-29 16:08:40.949783,347,9.00,-2.00,-14.00,69.00,4103.00,-246.00,0.47,0.56,0.53,0.43
2023-12-29 16:08:40.956761,348,11.00,3.00,-16.00,70.00,4091.00,-242.00,0.47,0.56,0.53,0.43
2023-12-29 16:08:41.057034,349,-4.00,0.00,7.00,56.00,4095.00,-250.00,0.47,0.56,0.53,0.43
2023-12-29 16:08:41.064506,350,-9.00,0.00,11.00,83.00,4102.00,-237.00,0.47,0.56,0.53,0.43
2023-12-29 16:08:41.070430,351,2.00,0.00,0.00,94.00,4108.00,-234.00,0.47,0.56,0.53,0.43
2023-12-29 16:08:41.074461,352,6.00,2.00,-5.00,90.00,4099.00,-231.00,0.47,0.56,0.53,0.43
2023-12-29 16:08:41.118026,353,7.00,0.00,-8.00,63.00,4105.00,-226.00,0.47,0.56,0.53,0.43
2023-12-29 16:08:41.124004,354,5.00,1.00,-5.00,68.00,4110.00,-233.00,0.47,0.56,0.53,0.43
2023-12-29 16:08:41.129408,355,-4.00,0.00,5.00,94.00,4099.00,-245.00,0.47,0.56,0.53,0.43
2023-12-29 16:08:41.176965,356,-1.00,0.00,5.00,86.00,4102.00,-233.00,0.47,0.56,0.53,0.43
2023-12-29 16:08:41.185377,357,0.00,0.00,0.00,79.00,4107.00,-229.00,0.47,0.56,0.53,0.43
2023-12-29 16:08:41.237500,358,5.00,1.00,-4.00,71.00,4104.00,-243.00,0.47,0.56,0.53,0.43
2023-12-29 16:08:41.244917,359,2.00,0.00,-5.00,73.00,4089.00,-238.00,0.47,0.56,0.53,0.43
2023-12-29 16:08:41.250941,360,6.00,0.00,0.00,73.00,4108.00,-243.00,0.47,0.56,0.53,0.43
2023-12-29 16:08:41.255925,361,-2.00,0.00,6.00,61.00,4118.00,-245.00,0.47,0.56,0.53,0.43
2023-12-29 16:08:41.296130,362,-4.00,2.00,4.00,62.00,4100.00,-237.00,0.47,0.56,0.53,0.43
2023-12-29 16:08:41.304259,363,-1.00,3.00,2.00,77.00,4104.00,-240.00,0.47,0.56,0.53,0.43
2023-12-29 16:08:41.308251,364,1.00,0.00,-1.00,73.00,4111.00,-242.00,0.47,0.56,0.53,0.43
2023-12-29 16:08:41.356979,365,3.00,0.00,-1.00,81.00,4099.00,-231.00,0.47,0.56,0.53,0.43
2023-12-29 16:08:41.363951,366,3.00,0.00,-2.00,87.00,4111.00,-245.00,0.47,0.56,0.53,0.43
2023-12-29 16:08:41.370932,367,3.00,1.00,1.00,70.00,4094.00,-244.00,0.47,0.56,0.53,0.43
2023-12-29 16:08:41.475829,368,-2.00,0.00,0.00,70.00,4096.00,-237.00,0.47,0.56,0.53,0.43
2023-12-29 16:08:41.482810,369,0.00,1.00,3.00,90.00,4102.00,-228.00,0.47,0.56,0.53,0.43
2023-12-29 16:08:41.491782,370,-3.00,0.00,1.00,82.00,4099.00,-225.00,0.47,0.56,0.53,0.43
2023-12-29 16:08:41.498803,371,-1.00,1.00,1.00,71.00,4101.00,-235.00,0.47,0.56,0.53,0.43
2023-12-29 16:08:41.537161,372,0.00,0.00,-1.00,69.00,4095.00,-245.00,0.47,0.56,0.53,0.43
2023-12-29 16:08:41.543140,373,-1.00,0.00,0.00,65.00,4113.00,-235.00,0.47,0.56,0.53,0.43
2023-12-29 16:08:41.550165,374,-4.00,1.00,5.00,82.00,4105.00,-240.00,0.47,0.56,0.53,0.43
2023-12-29 16:08:41.599415,375,0.00,1.00,0.00,73.00,4108.00,-232.00,0.47,0.56,0.53,0.43
2023-12-29 16:08:41.606488,376,3.00,1.00,1.00,78.00,4112.00,-242.00,0.47,0.56,0.53,0.43
2023-12-29 16:08:41.613688,377,0.00,0.00,-1.00,67.00,4103.00,-243.00,0.47,0.56,0.53,0.43
2023-12-29 16:08:41.657000,378,1.00,0.00,-1.00,85.00,4100.00,-235.00,0.47,0.56,0.53,0.43
2023-12-29 16:08:41.665042,379,4.00,-2.00,-3.00,62.00,4084.00,-243.00,0.47,0.56,0.53,0.43
2023-12-29 16:08:41.672017,380,3.00,0.00,1.00,59.00,4111.00,-235.00,0.47,0.56,0.53,0.43
2023-12-29 16:08:41.717570,381,-2.00,0.00,0.00,71.00,4100.00,-237.00,0.47,0.56,0.53,0.43
2023-12-29 16:08:41.723546,382,-2.00,1.00,0.00,70.00,4105.00,-242.00,0.47,0.56,0.53,0.43
2023-12-29 16:08:41.731565,383,0.00,1.00,0.00,73.00,4097.00,-245.00,0.47,0.56,0.53,0.43
2023-12-29 16:08:41.780965,384,0.00,0.00,0.00,90.00,4118.00,-245.00,0.47,0.56,0.53,0.43
2023-12-29 16:08:41.786993,385,1.00,0.00,0.00,75.00,4092.00,-232.00,0.47,0.56,0.53,0.43
2023-12-29 16:08:41.791872,386,0.00,1.00,0.00,66.00,4100.00,-244.00,0.47,0.56,0.53,0.43
2023-12-29 16:08:41.955404,387,0.00,1.00,0.00,66.00,4100.00,-244.00,0.47,0.56,0.53,0.43
2023-12-29 16:08:41.962854,388,0.00,3.00,4.00,57.00,4114.00,-240.00,0.47,0.56,0.53,0.43
2023-12-29 16:08:41.970836,389,1.00,-2.00,0.00,68.00,4096.00,-234.00,0.47,0.56,0.53,0.43
2023-12-29 16:08:41.975848,390,-1.00,1.00,2.00,88.00,4108.00,-226.00,0.47,0.56,0.53,0.43
2023-12-29 16:08:42.017221,391,1.00,0.00,-1.00,80.00,4103.00,-238.00,0.47,0.56,0.53,0.43
2023-12-29 16:08:42.024268,392,0.00,0.00,0.00,79.00,4107.00,-245.00,0.47,0.56,0.53,0.43
2023-12-29 16:08:42.029783,393,-1.00,0.00,0.00,82.00,4103.00,-232.00,0.47,0.56,0.53,0.43
2023-12-29 16:08:42.076983,394,-1.00,-1.00,0.00,78.00,4092.00,-232.00,0.47,0.56,0.53,0.43
2023-12-29 16:08:42.082964,395,0.00,1.00,-1.00,72.00,4097.00,-238.00,0.47,0.56,0.53,0.43
2023-12-29 16:08:42.087953,396,0.00,-2.00,0.00,77.00,4100.00,-237.00,0.47,0.56,0.53,0.43
2023-12-29 16:08:42.136230,397,0.00,-1.00,0.00,76.00,4112.00,-229.00,0.47,0.56,0.53,0.43
2023-12-29 16:08:42.143206,398,-1.00,0.00,3.00,74.00,4084.00,-248.00,0.47,0.56,0.53,0.43
2023-12-29 16:08:42.149191,399,0.00,2.00,0.00,85.00,4099.00,-233.00,0.47,0.56,0.53,0.43
2023-12-29 16:08:42.196883,400,0.00,0.00,0.00,79.00,4099.00,-236.00,0.47,0.56,0.53,0.43
2023-12-29 16:08:42.211992,401,-1.00,0.00,2.00,66.00,4103.00,-244.00,0.47,0.56,0.53,0.43
2023-12-29 16:08:42.215978,402,2.00,0.00,0.00,80.00,4101.00,-247.00,0.47,0.56,0.53,0.43
2023-12-29 16:08:42.281487,403,0.00,-2.00,0.00,75.00,4089.00,-242.00,0.47,0.56,0.53,0.43
2023-12-29 16:08:42.286470,404,0.00,2.00,0.00,65.00,4096.00,-232.00,0.47,0.56,0.53,0.43
2023-12-29 16:08:42.290464,405,-5.00,1.00,0.00,72.00,4099.00,-232.00,0.47,0.56,0.53,0.43
2023-12-29 16:08:42.316846,406,0.00,0.00,-1.00,85.00,4105.00,-240.00,0.47,0.56,0.53,0.43
2023-12-29 16:08:42.321831,407,0.00,-1.00,0.00,69.00,4107.00,-231.00,0.47,0.56,0.53,0.43
2023-12-29 16:08:42.325874,408,1.00,-1.00,-1.00,73.00,4094.00,-248.00,0.47,0.56,0.53,0.43
2023-12-29 16:08:42.376983,409,0.00,2.00,0.00,75.00,4112.00,-234.00,0.47,0.56,0.53,0.43
2023-12-29 16:08:42.385952,410,0.00,0.00,0.00,64.00,4107.00,-244.00,0.47,0.56,0.53,0.43
2023-12-29 16:08:42.391939,411,-1.00,0.00,0.00,68.00,4098.00,-247.00,0.47,0.56,0.53,0.43
2023-12-29 16:08:42.436514,412,0.00,0.00,0.00,80.00,4101.00,-232.00,0.47,0.56,0.53,0.43
2023-12-29 16:08:42.441534,413,-1.00,0.00,0.00,61.00,4106.00,-234.00,0.47,0.56,0.53,0.43
2023-12-29 16:08:42.447473,414,-1.00,1.00,1.00,83.00,4100.00,-239.00,0.47,0.56,0.53,0.43
2023-12-29 16:08:42.496428,415,0.00,0.00,0.00,75.00,4114.00,-245.00,0.47,0.56,0.53,0.43
2023-12-29 16:08:42.503922,416,0.00,1.00,1.00,67.00,4091.00,-237.00,0.47,0.56,0.53,0.43
2023-12-29 16:08:42.508911,417,1.00,1.00,0.00,72.00,4096.00,-239.00,0.47,0.56,0.53,0.43
2023-12-29 16:08:42.556545,418,-3.00,0.00,0.00,74.00,4100.00,-234.00,0.47,0.56,0.53,0.43
2023-12-29 16:08:42.562524,419,-1.00,-1.00,0.00,81.00,4104.00,-228.00,0.47,0.56,0.53,0.43
2023-12-29 16:08:42.570501,420,0.00,1.00,-1.00,70.00,4107.00,-240.00,0.47,0.56,0.53,0.43
2023-12-29 16:08:42.619128,421,1.00,1.00,1.00,56.00,4087.00,-229.00,0.47,0.56,0.53,0.43
2023-12-29 16:08:42.625107,422,20.00,513.00,-274.00,2618.00,-3446.00,144.00,0.47,0.56,0.53,0.43
2023-12-29 16:08:42.677496,423,-12.00,-10.00,23.00,51.00,5890.00,-386.00,0.47,0.56,0.53,0.43
2023-12-29 16:08:42.687692,424,-4.00,8.00,-50.00,17.00,4725.00,-248.00,0.47,0.56,0.53,0.43
2023-12-29 16:08:42.735876,425,-5.00,0.00,-10.00,-22.00,5483.00,-284.00,0.47,0.56,0.53,0.43
2023-12-29 16:08:42.744846,426,-3.00,3.00,8.00,58.00,4662.00,-309.00,0.47,0.56,0.53,0.43
2023-12-29 16:08:42.749829,427,-14.00,-1.00,5.00,93.00,3604.00,-240.00,0.47,0.56,0.53,0.43
2023-12-29 16:08:42.756812,428,-18.00,1.00,6.00,123.00,3758.00,-261.00,0.47,0.56,0.53,0.43
2023-12-29 16:08:42.796492,429,18.00,1.00,0.00,85.00,4154.00,-247.00,0.47,0.56,0.53,0.43
2023-12-29 16:08:42.856563,430,10.00,2.00,-13.00,91.00,4199.00,-267.00,0.47,0.56,0.53,0.43
2023-12-29 16:08:42.865537,431,-2.00,0.00,4.00,57.00,4186.00,-234.00,0.47,0.56,0.53,0.43
2023-12-29 16:08:42.870549,432,2.00,2.00,11.00,67.00,4075.00,-234.00,0.47,0.56,0.53,0.43
2023-12-29 16:08:42.875490,433,6.00,2.00,14.00,71.00,4181.00,-254.00,0.47,0.56,0.53,0.43
2023-12-29 16:08:42.880486,434,-9.00,1.00,-3.00,80.00,4105.00,-237.00,0.47,0.56,0.53,0.43
2023-12-29 16:08:42.917447,435,-4.00,1.00,-1.00,65.00,4072.00,-226.00,0.47,0.56,0.53,0.43
2023-12-29 16:08:42.925386,436,3.00,3.00,-6.00,89.00,4110.00,-263.00,0.47,0.56,0.53,0.43
2023-12-29 16:08:42.976596,437,-2.00,-1.00,0.00,73.00,4083.00,-261.00,0.47,0.56,0.53,0.43
2023-12-29 16:08:42.984580,438,-2.00,1.00,-4.00,65.00,4086.00,-257.00,0.47,0.56,0.53,0.43
2023-12-29 16:08:42.990551,439,-2.00,2.00,-4.00,68.00,4116.00,-246.00,0.47,0.56,0.53,0.43
2023-12-29 16:08:42.996533,440,-2.00,1.00,6.00,72.00,4106.00,-247.00,0.47,0.56,0.53,0.43
2023-12-29 16:08:43.096467,441,-1.00,2.00,6.00,94.00,4104.00,-242.00,0.47,0.56,0.53,0.43
2023-12-29 16:08:43.155898,442,-6.00,1.00,0.00,91.00,4114.00,-237.00,0.47,0.56,0.53,0.43
2023-12-29 16:08:43.162857,443,4.00,0.00,0.00,65.00,4106.00,-222.00,0.47,0.56,0.53,0.43
2023-12-29 16:08:43.168841,444,6.00,1.00,0.00,69.00,4101.00,-251.00,0.47,0.56,0.53,0.43
2023-12-29 16:08:43.174822,445,4.00,1.00,-1.00,66.00,4109.00,-254.00,0.47,0.56,0.53,0.43
2023-12-29 16:08:43.217309,446,-2.00,1.00,1.00,57.00,4109.00,-235.00,0.47,0.56,0.53,0.43
2023-12-29 16:08:43.224334,447,0.00,2.00,-3.00,72.00,4097.00,-239.00,0.47,0.56,0.53,0.43
2023-12-29 16:08:43.229267,448,-2.00,2.00,1.00,77.00,4095.00,-252.00,0.47,0.56,0.53,0.43
2023-12-29 16:08:43.276976,449,-1.00,-1.00,1.00,65.00,4101.00,-236.00,0.47,0.56,0.53,0.43
2023-12-29 16:08:43.283952,450,-2.00,-1.00,3.00,69.00,4097.00,-233.00,0.47,0.56,0.53,0.43
2023-12-29 16:08:43.288982,451,0.00,0.00,4.00,67.00,4096.00,-239.00,0.47,0.56,0.53,0.43
2023-12-29 16:08:43.396814,452,0.00,0.00,4.00,67.00,4096.00,-239.00,0.47,0.56,0.53,0.43
2023-12-29 16:08:43.403298,453,1.00,1.00,1.00,73.00,4091.00,-233.00,0.47,0.56,0.53,0.43
2023-12-29 16:08:43.408283,454,3.00,0.00,-2.00,75.00,4105.00,-246.00,0.47,0.56,0.53,0.43
2023-12-29 16:08:43.415259,455,0.00,0.00,0.00,70.00,4117.00,-237.00,0.47,0.56,0.53,0.43
2023-12-29 16:08:43.456453,456,1.00,2.00,-2.00,66.00,4101.00,-234.00,0.47,0.56,0.53,0.43
2023-12-29 16:08:43.464425,457,-2.00,2.00,1.00,66.00,4104.00,-240.00,0.47,0.56,0.53,0.43
2023-12-29 16:08:43.469450,458,1.00,0.00,0.00,63.00,4095.00,-247.00,0.47,0.56,0.53,0.43
2023-12-29 16:08:43.517829,459,0.00,1.00,0.00,68.00,4102.00,-237.00,0.47,0.56,0.53,0.43
2023-12-29 16:08:43.524728,460,2.00,1.00,1.00,63.00,4087.00,-239.00,0.47,0.56,0.53,0.43
2023-12-29 16:08:43.531560,461,-1.00,1.00,0.00,81.00,4103.00,-236.00,0.47,0.56,0.53,0.43
2023-12-29 16:08:43.577010,462,-1.00,2.00,0.00,71.00,4109.00,-244.00,0.47,0.56,0.53,0.43
2023-12-29 16:08:43.585535,463,0.00,0.00,2.00,76.00,4108.00,-243.00,0.47,0.56,0.53,0.43
2023-12-29 16:08:43.590508,464,0.00,1.00,2.00,78.00,4094.00,-242.00,0.47,0.56,0.53,0.43
2023-12-29 16:08:43.636544,465,0.00,1.00,1.00,80.00,4105.00,-248.00,0.47,0.56,0.53,0.43
2023-12-29 16:08:43.642741,466,2.00,1.00,-2.00,83.00,4099.00,-240.00,0.47,0.56,0.53,0.43
2023-12-29 16:08:43.648715,467,0.00,0.00,0.00,65.00,4105.00,-229.00,0.47,0.56,0.53,0.43
2023-12-29 16:08:43.697057,468,0.00,1.00,0.00,64.00,4099.00,-248.00,0.47,0.56,0.53,0.43
2023-12-29 16:08:43.706557,469,4.00,-1.00,0.00,70.00,4094.00,-246.00,0.47,0.56,0.53,0.43
2023-12-29 16:08:43.711545,470,2.00,2.00,1.00,70.00,4101.00,-245.00,0.47,0.56,0.53,0.43
2023-12-29 16:08:43.756573,471,-1.00,0.00,1.00,69.00,4089.00,-236.00,0.47,0.56,0.53,0.43
2023-12-29 16:08:43.762554,472,0.00,0.00,0.00,76.00,4091.00,-241.00,0.47,0.56,0.53,0.43
2023-12-29 16:08:43.768561,473,0.00,0.00,0.00,76.00,4091.00,-241.00,0.47,0.56,0.53,0.43
2023-12-29 16:08:43.816139,474,0.00,0.00,0.00,82.00,4089.00,-249.00,0.47,0.56,0.53,0.43
2023-12-29 16:08:43.824642,475,0.00,0.00,-3.00,84.00,4098.00,-245.00,0.47,0.56,0.53,0.43
2023-12-29 16:08:43.831614,476,3.00,4.00,0.00,79.00,4104.00,-243.00,0.47,0.56,0.53,0.43
2023-12-29 16:08:43.877178,477,-1.00,2.00,0.00,72.00,4100.00,-257.00,0.47,0.56,0.53,0.43
2023-12-29 16:08:43.886148,478,-2.00,0.00,2.00,72.00,4098.00,-236.00,0.47,0.56,0.53,0.43
2023-12-29 16:08:43.892135,479,-2.00,0.00,2.00,72.00,4098.00,-236.00,0.47,0.56,0.53,0.43
2023-12-29 16:08:43.938131,480,1.00,1.00,-1.00,72.00,4095.00,-234.00,0.47,0.56,0.53,0.43
2023-12-29 16:08:43.944474,481,0.00,0.00,-1.00,64.00,4105.00,-239.00,0.47,0.56,0.53,0.43
2023-12-29 16:08:43.951451,482,0.00,0.00,-1.00,64.00,4105.00,-239.00,0.47,0.56,0.53,0.43
2023-12-29 16:08:43.999068,483,1.00,0.00,0.00,73.00,4102.00,-239.00,0.47,0.56,0.53,0.43
2023-12-29 16:08:44.007580,484,1.00,2.00,0.00,81.00,4098.00,-240.00,0.47,0.56,0.53,0.43
2023-12-29 16:08:44.013561,485,1.00,1.00,1.00,71.00,4089.00,-230.00,0.47,0.56,0.53,0.43
2023-12-29 16:08:44.057005,486,0.00,-1.00,0.00,76.00,4105.00,-241.00,0.47,0.56,0.53,0.43
2023-12-29 16:08:44.063977,487,-1.00,1.00,2.00,72.00,4100.00,-241.00,0.47,0.56,0.53,0.43
2023-12-29 16:08:44.070957,488,0.00,1.00,0.00,66.00,4104.00,-252.00,0.47,0.56,0.53,0.43
2023-12-29 16:08:44.117192,489,-3.00,0.00,0.00,72.00,4099.00,-242.00,0.47,0.56,0.53,0.43
2023-12-29 16:08:44.124173,490,-6.00,2.00,-1.00,72.00,4118.00,-242.00,0.47,0.56,0.53,0.43
2023-12-29 16:08:44.130150,491,2.00,1.00,0.00,58.00,4087.00,-253.00,0.47,0.56,0.53,0.43
2023-12-29 16:08:44.176779,492,1.00,0.00,0.00,72.00,4105.00,-254.00,0.47,0.56,0.53,0.43
2023-12-29 16:08:44.185750,493,-2.00,0.00,1.00,89.00,4089.00,-240.00,0.47,0.56,0.53,0.43
2023-12-29 16:08:44.192733,494,-1.00,2.00,0.00,82.00,4091.00,-233.00,0.47,0.56,0.53,0.43
2023-12-29 16:08:44.236579,495,0.00,1.00,0.00,75.00,4102.00,-259.00,0.47,0.56,0.53,0.43
2023-12-29 16:08:44.243028,496,0.00,4.00,2.00,62.00,4098.00,-240.00,0.47,0.56,0.53,0.43
2023-12-29 16:08:44.249771,497,1.00,1.00,0.00,58.00,4100.00,-248.00,0.47,0.56,0.53,0.43
2023-12-29 16:08:44.299854,498,0.00,1.00,1.00,67.00,4095.00,-242.00,0.47,0.56,0.53,0.43
2023-12-29 16:08:44.307407,499,2.00,1.00,3.00,68.00,4101.00,-242.00,0.47,0.56,0.53,0.43
2023-12-29 16:08:44.313339,500,0.00,0.00,0.00,71.00,4106.00,-241.00,0.47,0.56,0.53,0.43
2023-12-29 16:08:44.415997,501,0.00,2.00,1.00,61.00,4096.00,-231.00,0.47,0.56,0.53,0.43
2023-12-29 16:08:44.421250,502,1.00,0.00,0.00,71.00,4099.00,-246.00,0.47,0.56,0.53,0.43
2023-12-29 16:08:44.428228,503,0.00,3.00,1.00,74.00,4105.00,-236.00,0.47,0.56,0.53,0.43
2023-12-29 16:08:44.436244,504,0.00,1.00,0.00,64.00,4110.00,-245.00,0.47,0.56,0.53,0.43
2023-12-29 16:08:44.476713,505,0.00,-1.00,0.00,70.00,4102.00,-241.00,0.47,0.56,0.53,0.43
2023-12-29 16:08:44.485681,506,0.00,2.00,2.00,68.00,4103.00,-235.00,0.47,0.56,0.53,0.43
2023-12-29 16:08:44.490715,507,0.00,0.00,0.00,59.00,4106.00,-233.00,0.47,0.56,0.53,0.43
2023-12-29 16:08:44.536651,508,-17.00,6.00,10.00,-83.00,4102.00,-388.00,0.47,0.56,0.53,0.43
2023-12-29 16:08:44.541681,509,-40.00,0.00,39.00,-197.00,4190.00,-422.00,0.47,0.56,0.53,0.43
2023-12-29 16:08:44.595013,510,-105.00,-4.00,271.00,209.00,4075.00,-117.00,0.47,0.55,0.54,0.43
2023-12-29 16:08:44.601420,511,-87.00,-7.00,231.00,353.00,4095.00,-169.00,0.47,0.55,0.54,0.43
2023-12-29 16:08:44.605923,512,-80.00,-7.00,192.00,393.00,4066.00,-226.00,0.47,0.55,0.54,0.43
2023-12-29 16:08:44.612364,513,-90.00,24.00,-49.00,153.00,4090.00,10.00,0.47,0.55,0.54,0.43
2023-12-29 16:08:44.656728,514,-17.00,3.00,-66.00,148.00,4102.00,-21.00,0.47,0.55,0.54,0.43
2023-12-29 16:08:44.716173,515,4.00,1.00,-70.00,135.00,4075.00,-80.00,0.47,0.55,0.54,0.43
2023-12-29 16:08:44.722153,516,13.00,-4.00,46.00,97.00,4118.00,-214.00,0.47,0.55,0.54,0.43
2023-12-29 16:08:44.727511,517,9.00,-7.00,37.00,192.00,4078.00,-210.00,0.47,0.55,0.54,0.43
2023-12-29 16:08:44.732486,518,9.00,-4.00,18.00,240.00,4099.00,-190.00,0.47,0.55,0.54,0.43
2023-12-29 16:08:44.835455,519,56.00,1.00,-96.00,229.00,4089.00,-173.00,0.47,0.55,0.54,0.43
2023-12-29 16:08:44.840444,520,64.00,3.00,-133.00,211.00,4095.00,-156.00,0.47,0.55,0.54,0.43
2023-12-29 16:08:44.846425,521,1.00,0.00,-32.00,56.00,4110.00,-340.00,0.47,0.55,0.53,0.43
2023-12-29 16:08:44.852452,522,-30.00,-1.00,-27.00,47.00,4091.00,-248.00,0.47,0.55,0.53,0.43
2023-12-29 16:08:44.900988,523,-35.00,2.00,-18.00,-6.00,4106.00,-233.00,0.47,0.55,0.53,0.43
2023-12-29 16:08:44.906586,524,-51.00,-3.00,123.00,250.00,4093.00,-162.00,0.47,0.55,0.54,0.43
2023-12-29 16:08:44.911569,525,-29.00,0.00,39.00,171.00,4103.00,-263.00,0.47,0.55,0.54,0.43
2023-12-29 16:08:44.956379,526,-21.00,1.00,-4.00,190.00,4095.00,-119.00,0.47,0.55,0.54,0.43
2023-12-29 16:08:44.963360,527,-3.00,1.00,-20.00,161.00,4097.00,-121.00,0.47,0.55,0.54,0.43
2023-12-29 16:08:44.966347,528,34.00,0.00,-50.00,151.00,4091.00,-204.00,0.47,0.55,0.54,0.43
2023-12-29 16:08:45.016381,529,31.00,0.00,-66.00,162.00,4098.00,-226.00,0.47,0.55,0.54,0.43
2023-12-29 16:08:45.022361,530,25.00,-3.00,-77.00,172.00,4097.00,-238.00,0.47,0.55,0.54,0.43
2023-12-29 16:08:45.053259,531,25.00,-3.00,-77.00,172.00,4097.00,-238.00,0.47,0.55,0.54,0.43
2023-12-29 16:08:45.076699,532,25.00,-3.00,-77.00,172.00,4097.00,-238.00,0.47,0.55,0.54,0.43
2023-12-29 16:08:45.081681,533,18.00,0.00,-47.00,22.00,4117.00,-263.00,0.47,0.56,0.53,0.43
2023-12-29 16:08:45.085669,534,6.00,0.00,-6.00,58.00,4099.00,-240.00,0.47,0.56,0.53,0.43
2023-12-29 16:08:45.137737,535,-13.00,0.00,-22.00,85.00,4092.00,-261.00,0.47,0.56,0.53,0.43
2023-12-29 16:08:45.144726,536,-21.00,0.00,-21.00,57.00,4106.00,-237.00,0.47,0.56,0.53,0.43
2023-12-29 16:08:45.149743,537,-21.00,0.00,-21.00,57.00,4106.00,-237.00,0.47,0.56,0.53,0.43
2023-12-29 16:08:45.198006,538,-46.00,-1.00,53.00,71.00,4100.00,-374.00,0.47,0.56,0.53,0.43
2023-12-29 16:08:45.204796,539,-81.00,1.00,45.00,147.00,4098.00,-396.00,0.47,0.56,0.53,0.43
2023-12-29 16:08:45.209816,540,-49.00,2.00,61.00,23.00,4112.00,-141.00,0.47,0.55,0.54,0.43
2023-12-29 16:08:45.256430,541,-29.00,-2.00,74.00,86.00,4125.00,-106.00,0.47,0.55,0.54,0.43
2023-12-29 16:08:45.264401,542,-17.00,-5.00,71.00,163.00,4176.00,-159.00,0.47,0.55,0.54,0.43
2023-12-29 16:08:45.272374,543,272.00,-132.00,176.00,-354.00,4656.00,999.00,0.47,0.55,0.54,0.43
2023-12-29 16:08:45.315842,544,374.00,-46.00,208.00,395.00,3979.00,-569.00,0.47,0.55,0.54,0.43
2023-12-29 16:08:45.322838,545,228.00,53.00,76.00,623.00,4036.00,-1372.00,0.47,0.55,0.54,0.43
2023-12-29 16:08:45.327907,546,207.00,8.00,-5.00,199.00,4132.00,-147.00,0.47,0.55,0.54,0.43
2023-12-29 16:08:45.435884,547,132.00,-15.00,-68.00,366.00,4029.00,-800.00,0.47,0.55,0.54,0.43
2023-12-29 16:08:45.440310,548,53.00,2.00,-96.00,313.00,4065.00,-790.00,0.47,0.55,0.53,0.43
2023-12-29 16:08:45.444304,549,53.00,2.00,-96.00,313.00,4065.00,-790.00,0.47,0.55,0.53,0.43
2023-12-29 16:08:45.447290,550,-65.00,0.00,-38.00,109.00,4111.00,-395.00,0.47,0.55,0.53,0.43
2023-12-29 16:08:45.497145,551,-74.00,7.00,-32.00,9.00,4118.00,-60.00,0.47,0.55,0.53,0.44
2023-12-29 16:08:45.503120,552,-32.00,4.00,-4.00,25.00,4117.00,-210.00,0.47,0.55,0.53,0.44
2023-12-29 16:08:45.506640,553,5.00,0.00,8.00,114.00,4102.00,-137.00,0.47,0.55,0.53,0.44
2023-12-29 16:08:45.556134,554,5.00,0.00,8.00,114.00,4102.00,-137.00,0.47,0.55,0.53,0.44
2023-12-29 16:08:45.561113,555,29.00,0.00,2.00,71.00,4107.00,-169.00,0.47,0.55,0.53,0.43
2023-12-29 16:08:45.567297,556,23.00,0.00,10.00,130.00,4094.00,-239.00,0.47,0.55,0.53,0.43
2023-12-29 16:08:45.618006,557,17.00,-1.00,-1.00,170.00,4089.00,-234.00,0.47,0.55,0.53,0.43
2023-12-29 16:08:45.621994,558,13.00,1.00,-15.00,171.00,4094.00,-226.00,0.47,0.55,0.53,0.43
2023-12-29 16:08:45.625509,559,46.00,0.00,-57.00,66.00,4102.00,-188.00,0.47,0.55,0.53,0.44
2023-12-29 16:08:45.676976,560,49.00,0.00,-57.00,72.00,4100.00,-214.00,0.47,0.55,0.53,0.44
2023-12-29 16:08:45.683967,561,51.00,0.00,-62.00,98.00,4106.00,-210.00,0.47,0.55,0.53,0.44
2023-12-29 16:08:45.688941,562,53.00,0.00,-63.00,19.00,4103.00,-232.00,0.47,0.55,0.53,0.44
2023-12-29 16:08:45.736440,563,43.00,0.00,-53.00,4.00,4105.00,-284.00,0.47,0.55,0.53,0.44
2023-12-29 16:08:45.744849,564,38.00,-1.00,-48.00,14.00,4103.00,-285.00,0.47,0.55,0.53,0.44
2023-12-29 16:08:45.753820,565,-24.00,0.00,12.00,43.00,4105.00,-289.00,0.47,0.55,0.53,0.44
2023-12-29 16:08:45.797016,566,-37.00,2.00,16.00,26.00,4100.00,-268.00,0.47,0.55,0.53,0.44
2023-12-29 16:08:45.805234,567,-46.00,2.00,25.00,1.00,4112.00,-248.00,0.47,0.55,0.53,0.44
2023-12-29 16:08:45.811291,568,-46.00,2.00,25.00,1.00,4112.00,-248.00,0.47,0.55,0.53,0.44
2023-12-29 16:08:45.856569,569,-39.00,5.00,76.00,78.00,4107.00,-226.00,0.48,0.55,0.53,0.44
2023-12-29 16:08:45.862543,570,-42.00,3.00,68.00,117.00,4103.00,-240.00,0.48,0.55,0.53,0.44
2023-12-29 16:08:45.870522,571,13.00,0.00,35.00,92.00,4100.00,-223.00,0.48,0.55,0.53,0.44
2023-12-29 16:08:45.919987,572,7.00,2.00,39.00,45.00,4098.00,-232.00,0.48,0.55,0.53,0.44
2023-12-29 16:08:45.924986,573,6.00,2.00,44.00,44.00,4103.00,-234.00,0.48,0.55,0.53,0.44
2023-12-29 16:08:45.929968,574,0.00,1.00,51.00,98.00,4106.00,-205.00,0.48,0.55,0.53,0.44
2023-12-29 16:08:45.976990,575,0.00,1.00,51.00,98.00,4106.00,-205.00,0.48,0.55,0.53,0.44
2023-12-29 16:08:45.984963,576,4.00,2.00,38.00,113.00,4104.00,-224.00,0.48,0.55,0.53,0.44
2023-12-29 16:08:45.989994,577,1.00,1.00,0.00,163.00,4093.00,-280.00,0.48,0.55,0.53,0.44
2023-12-29 16:08:46.037977,578,-8.00,0.00,-13.00,167.00,4098.00,-257.00,0.48,0.55,0.53,0.44
2023-12-29 16:08:46.043001,579,-14.00,0.00,-23.00,158.00,4098.00,-242.00,0.48,0.55,0.53,0.44
2023-12-29 16:08:46.050929,580,12.00,4.00,-19.00,61.00,4095.00,-242.00,0.48,0.55,0.53,0.44
2023-12-29 16:08:46.096638,581,6.00,2.00,-17.00,62.00,4108.00,-260.00,0.48,0.55,0.53,0.44
2023-12-29 16:08:46.105649,582,0.00,2.00,-8.00,43.00,4107.00,-249.00,0.48,0.55,0.53,0.44
2023-12-29 16:08:46.110999,583,0.00,0.00,-7.00,119.00,4103.00,-234.00,0.48,0.55,0.53,0.44
2023-12-29 16:08:46.156911,584,-3.00,1.00,-14.00,84.00,4105.00,-203.00,0.48,0.55,0.53,0.44
2023-12-29 16:08:46.163884,585,6.00,1.00,-5.00,58.00,4106.00,-189.00,0.48,0.55,0.53,0.44
2023-12-29 16:08:46.171916,586,36.00,0.00,5.00,145.00,4100.00,-209.00,0.48,0.55,0.53,0.44
2023-12-29 16:08:46.217867,587,37.00,-2.00,-26.00,208.00,4079.00,-210.00,0.48,0.55,0.53,0.44
2023-12-29 16:08:46.224840,588,35.00,0.00,-53.00,203.00,4087.00,-192.00,0.48,0.55,0.53,0.44
2023-12-29 16:08:46.229103,589,97.00,0.00,-74.00,4.00,4089.00,-273.00,0.48,0.55,0.52,0.44
2023-12-29 16:08:46.277015,590,45.00,0.00,-39.00,2.00,4105.00,-404.00,0.48,0.55,0.52,0.44
2023-12-29 16:08:46.283998,591,1.00,0.00,-18.00,1.00,4082.00,-400.00,0.48,0.55,0.52,0.44
2023-12-29 16:08:46.288981,592,-28.00,1.00,9.00,33.00,4112.00,-177.00,0.48,0.55,0.52,0.44
2023-12-29 16:08:46.337418,593,-11.00,0.00,19.00,45.00,4105.00,-209.00,0.48,0.55,0.52,0.44
2023-12-29 16:08:46.343442,594,0.00,3.00,23.00,39.00,4095.00,-209.00,0.48,0.55,0.52,0.44
2023-12-29 16:08:46.350375,595,0.00,3.00,23.00,39.00,4095.00,-209.00,0.48,0.55,0.52,0.44
2023-12-29 16:08:46.397195,596,3.00,1.00,29.00,74.00,4108.00,-230.00,0.48,0.55,0.52,0.44
2023-12-29 16:08:46.404169,597,1.00,3.00,32.00,49.00,4100.00,-269.00,0.48,0.55,0.52,0.44
2023-12-29 16:08:46.456990,598,1.00,3.00,32.00,49.00,4100.00,-269.00,0.48,0.55,0.52,0.44
2023-12-29 16:08:46.463968,599,3.00,0.00,-40.00,185.00,4108.00,-76.00,0.48,0.55,0.53,0.44
2023-12-29 16:08:46.516913,600,34.00,0.00,-62.00,174.00,4096.00,-104.00,0.48,0.55,0.53,0.44
2023-12-29 16:08:46.532861,601,-30.00,1.00,52.00,-41.00,4123.00,-340.00,0.48,0.55,0.53,0.44
2023-12-29 16:08:46.537844,602,-59.00,-1.00,81.00,1.00,4127.00,-288.00,0.48,0.55,0.53,0.44
2023-12-29 16:08:46.576712,603,-66.00,0.00,87.00,31.00,4124.00,-267.00,0.48,0.55,0.53,0.44
2023-12-29 16:08:46.582921,604,-5.00,0.00,13.00,172.00,4085.00,-168.00,0.48,0.55,0.53,0.44
2023-12-29 16:08:46.589964,605,27.00,0.00,-36.00,-4.00,4093.00,-291.00,0.48,0.55,0.53,0.44
2023-12-29 16:08:46.636876,606,1.00,1.00,-5.00,-5.00,4102.00,-293.00,0.48,0.55,0.53,0.44
2023-12-29 16:08:46.642845,607,-18.00,2.00,18.00,0.00,4103.00,-284.00,0.48,0.55,0.53,0.44
2023-12-29 16:08:46.646658,608,-32.00,2.00,48.00,96.00,4112.00,-221.00,0.48,0.55,0.53,0.44
2023-12-29 16:08:46.697004,609,-28.00,5.00,42.00,106.00,4099.00,-204.00,0.48,0.55,0.53,0.44
2023-12-29 16:08:46.703335,610,-24.00,0.00,34.00,119.00,4104.00,-211.00,0.48,0.55,0.53,0.44
2023-12-29 16:08:46.708835,611,25.00,0.00,-30.00,93.00,4107.00,-209.00,0.48,0.55,0.53,0.44
2023-12-29 16:08:46.757043,612,25.00,0.00,-33.00,77.00,4099.00,-223.00,0.48,0.55,0.53,0.44
2023-12-29 16:08:46.765004,613,26.00,0.00,-31.00,54.00,4106.00,-254.00,0.48,0.55,0.53,0.44
2023-12-29 16:08:46.769988,614,26.00,0.00,-31.00,54.00,4106.00,-254.00,0.48,0.55,0.53,0.44
2023-12-29 16:08:46.816793,615,-13.00,0.00,17.00,38.00,4102.00,-269.00,0.48,0.55,0.53,0.44
2023-12-29 16:08:46.823775,616,-15.00,2.00,26.00,42.00,4101.00,-253.00,0.48,0.55,0.53,0.44
2023-12-29 16:08:46.876690,617,-4.00,2.00,3.00,114.00,4098.00,-207.00,0.48,0.55,0.53,0.44
2023-12-29 16:08:46.884178,618,2.00,-2.00,-9.00,111.00,4095.00,-208.00,0.48,0.55,0.53,0.44
2023-12-29 16:08:46.893151,619,10.00,1.00,-10.00,93.00,4091.00,-203.00,0.48,0.55,0.53,0.44
2023-12-29 16:08:46.938271,620,10.00,1.00,-10.00,93.00,4091.00,-203.00,0.48,0.55,0.53,0.44
2023-12-29 16:08:46.945285,621,6.00,0.00,-8.00,28.00,4107.00,-250.00,0.48,0.55,0.53,0.44
2023-12-29 16:08:46.951223,622,-7.00,0.00,13.00,97.00,4098.00,-219.00,0.48,0.55,0.53,0.44
2023-12-29 16:08:46.997014,623,0.00,4.00,5.00,102.00,4090.00,-218.00,0.48,0.55,0.53,0.44
2023-12-29 16:08:47.003990,624,0.00,0.00,0.00,84.00,4109.00,-210.00,0.48,0.55,0.53,0.44
2023-12-29 16:08:47.011489,625,10.00,1.00,-13.00,71.00,4100.00,-239.00,0.48,0.55,0.53,0.44
2023-12-29 16:08:47.057084,626,8.00,1.00,-9.00,77.00,4100.00,-231.00,0.48,0.55,0.53,0.44
2023-12-29 16:08:47.063049,627,7.00,-1.00,-11.00,63.00,4099.00,-250.00,0.48,0.55,0.53,0.44
2023-12-29 16:08:47.068031,628,7.00,-1.00,-11.00,63.00,4099.00,-250.00,0.48,0.55,0.53,0.44
2023-12-29 16:08:47.118489,629,-8.00,0.00,11.00,73.00,4102.00,-250.00,0.48,0.55,0.53,0.44
2023-12-29 16:08:47.125479,630,-8.00,1.00,13.00,69.00,4097.00,-239.00,0.48,0.55,0.53,0.44
2023-12-29 16:08:47.130501,631,6.00,0.00,-3.00,86.00,4095.00,-230.00,0.48,0.55,0.53,0.44
2023-12-29 16:08:47.176674,632,5.00,1.00,-7.00,85.00,4098.00,-227.00,0.48,0.55,0.53,0.44
2023-12-29 16:08:47.185139,633,5.00,3.00,-9.00,70.00,4100.00,-227.00,0.48,0.55,0.53,0.44
2023-12-29 16:08:47.191140,634,1.00,2.00,4.00,63.00,4109.00,-235.00,0.47,0.55,0.53,0.44
2023-12-29 16:08:47.238267,635,-2.00,-1.00,2.00,77.00,4110.00,-244.00,0.47,0.55,0.53,0.44
2023-12-29 16:08:47.244246,636,-3.00,1.00,6.00,45.00,4085.00,-244.00,0.47,0.55,0.53,0.44
2023-12-29 16:08:47.250220,637,-1.00,0.00,2.00,90.00,4105.00,-223.00,0.47,0.55,0.53,0.44
2023-12-29 16:08:47.297583,638,0.00,-1.00,-1.00,83.00,4101.00,-232.00,0.47,0.55,0.53,0.44
2023-12-29 16:08:47.303570,639,2.00,0.00,-3.00,77.00,4093.00,-230.00,0.47,0.55,0.53,0.44
2023-12-29 16:08:47.309072,640,3.00,2.00,-6.00,63.00,4090.00,-238.00,0.47,0.55,0.53,0.44
2023-12-29 16:08:47.356624,641,4.00,1.00,0.00,55.00,4108.00,-227.00,0.47,0.55,0.53,0.44
2023-12-29 16:08:47.361642,642,0.00,0.00,1.00,60.00,4097.00,-252.00,0.47,0.55,0.53,0.44
2023-12-29 16:08:47.368577,643,-3.00,0.00,4.00,87.00,4106.00,-240.00,0.47,0.55,0.53,0.44
2023-12-29 16:08:47.416352,644,-2.00,2.00,3.00,69.00,4111.00,-249.00,0.47,0.55,0.53,0.44
2023-12-29 16:08:47.425321,645,0.00,-1.00,3.00,81.00,4090.00,-222.00,0.47,0.55,0.53,0.44
2023-12-29 16:08:47.430352,646,5.00,1.00,-2.00,74.00,4099.00,-232.00,0.47,0.55,0.53,0.44
2023-12-29 16:08:47.476863,647,2.00,0.00,-3.00,75.00,4103.00,-231.00,0.47,0.55,0.53,0.44
2023-12-29 16:08:47.484856,648,3.00,0.00,0.00,74.00,4108.00,-233.00,0.47,0.55,0.53,0.44
2023-12-29 16:08:47.491838,649,3.00,0.00,0.00,74.00,4108.00,-233.00,0.47,0.55,0.53,0.44
2023-12-29 16:08:47.537639,650,-2.00,0.00,2.00,75.00,4099.00,-236.00,0.47,0.55,0.53,0.44
2023-12-29 16:08:47.544615,651,-5.00,0.00,2.00,63.00,4113.00,-232.00,0.47,0.55,0.53,0.44
2023-12-29 16:08:47.597019,652,3.00,2.00,0.00,67.00,4098.00,-234.00,0.47,0.55,0.53,0.44
2023-12-29 16:08:47.603995,653,0.00,1.00,0.00,78.00,4091.00,-240.00,0.47,0.55,0.53,0.44
2023-12-29 16:08:47.609536,654,2.00,2.00,-1.00,66.00,4104.00,-247.00,0.47,0.55,0.53,0.44
2023-12-29 16:08:47.656947,655,1.00,1.00,5.00,68.00,4097.00,-233.00,0.47,0.55,0.53,0.44
2023-12-29 16:08:47.663863,656,0.00,0.00,2.00,66.00,4116.00,-240.00,0.47,0.55,0.53,0.44
2023-12-29 16:08:47.668848,657,0.00,0.00,0.00,88.00,4095.00,-226.00,0.47,0.55,0.53,0.44
2023-12-29 16:08:47.716919,658,3.00,1.00,1.00,90.00,4099.00,-228.00,0.47,0.55,0.53,0.44
2023-12-29 16:08:47.723935,659,3.00,0.00,-2.00,94.00,4092.00,-237.00,0.47,0.55,0.53,0.44
2023-12-29 16:08:47.728881,660,0.00,2.00,0.00,64.00,4103.00,-231.00,0.47,0.55,0.53,0.44
2023-12-29 16:08:47.777018,661,0.00,1.00,-2.00,57.00,4094.00,-235.00,0.47,0.55,0.53,0.44
2023-12-29 16:08:47.783997,662,0.00,1.00,2.00,68.00,4088.00,-236.00,0.47,0.55,0.53,0.44
2023-12-29 16:08:47.792019,663,-3.00,0.00,3.00,58.00,4101.00,-246.00,0.47,0.55,0.53,0.44
2023-12-29 16:08:47.837408,664,2.00,0.00,4.00,68.00,4090.00,-230.00,0.47,0.55,0.53,0.44
2023-12-29 16:08:47.844680,665,3.00,0.00,-1.00,82.00,4095.00,-239.00,0.47,0.55,0.53,0.44
2023-12-29 16:08:47.849506,666,2.00,0.00,0.00,76.00,4109.00,-239.00,0.47,0.55,0.53,0.44
2023-12-29 16:08:47.899035,667,2.00,0.00,0.00,84.00,4103.00,-228.00,0.47,0.55,0.53,0.44
2023-12-29 16:08:47.905585,668,1.00,2.00,0.00,65.00,4099.00,-232.00,0.47,0.55,0.53,0.44
2023-12-29 16:08:47.912137,669,5.00,1.00,0.00,76.00,4103.00,-237.00,0.47,0.55,0.53,0.44
2023-12-29 16:08:47.958397,670,0.00,0.00,2.00,87.00,4105.00,-242.00,0.47,0.55,0.53,0.44
2023-12-29 16:08:47.965368,671,0.00,0.00,0.00,93.00,4103.00,-248.00,0.47,0.55,0.53,0.44
2023-12-29 16:08:47.971355,672,2.00,2.00,-2.00,73.00,4118.00,-227.00,0.47,0.55,0.53,0.44
2023-12-29 16:08:48.016659,673,1.00,-2.00,0.00,84.00,4097.00,-229.00,0.47,0.55,0.53,0.44
2023-12-29 16:08:48.025673,674,0.00,0.00,0.00,66.00,4107.00,-229.00,0.47,0.55,0.53,0.44
2023-12-29 16:08:48.032607,675,0.00,2.00,0.00,72.00,4098.00,-243.00,0.47,0.55,0.53,0.44
2023-12-29 16:08:48.077042,676,0.00,0.00,0.00,88.00,4096.00,-221.00,0.47,0.55,0.53,0.44
2023-12-29 16:08:48.084019,677,0.00,0.00,1.00,71.00,4108.00,-235.00,0.47,0.55,0.53,0.44
2023-12-29 16:08:48.089002,678,0.00,0.00,1.00,71.00,4108.00,-235.00,0.47,0.55,0.53,0.44
2023-12-29 16:08:48.138847,679,0.00,0.00,1.00,71.00,4108.00,-235.00,0.47,0.55,0.53,0.44
2023-12-29 16:08:48.145797,680,1.00,1.00,-1.00,76.00,4111.00,-232.00,0.47,0.55,0.53,0.44
2023-12-29 16:08:48.152781,681,1.00,1.00,-1.00,76.00,4111.00,-232.00,0.47,0.55,0.53,0.44
2023-12-29 16:08:48.197236,682,1.00,0.00,0.00,68.00,4112.00,-242.00,0.47,0.55,0.53,0.44
2023-12-29 16:08:48.203504,683,-2.00,3.00,0.00,69.00,4108.00,-234.00,0.47,0.55,0.53,0.44
2023-12-29 16:08:48.210003,684,-1.00,2.00,0.00,81.00,4117.00,-228.00,0.47,0.55,0.53,0.44
2023-12-29 16:08:48.257418,685,0.00,0.00,2.00,71.00,4099.00,-239.00,0.47,0.55,0.53,0.44
2023-12-29 16:08:48.263398,686,1.00,3.00,0.00,75.00,4087.00,-224.00,0.47,0.55,0.53,0.44
2023-12-29 16:08:48.268380,687,1.00,3.00,0.00,75.00,4087.00,-224.00,0.47,0.55,0.53,0.44
2023-12-29 16:08:48.322839,688,1.00,3.00,0.00,75.00,4087.00,-224.00,0.47,0.55,0.53,0.44
2023-12-29 16:08:48.326824,689,1.00,0.00,0.00,71.00,4103.00,-221.00,0.47,0.55,0.53,0.44
2023-12-29 16:08:48.375467,690,1.00,0.00,1.00,72.00,4102.00,-238.00,0.47,0.55,0.53,0.44
2023-12-29 16:08:48.381442,691,0.00,1.00,0.00,66.00,4102.00,-235.00,0.47,0.55,0.53,0.44
2023-12-29 16:08:48.388426,692,2.00,2.00,0.00,84.00,4096.00,-236.00,0.47,0.55,0.53,0.44
2023-12-29 16:08:48.393460,693,2.00,1.00,-2.00,74.00,4098.00,-232.00,0.47,0.55,0.53,0.44
2023-12-29 16:08:48.438238,694,-1.00,1.00,0.00,76.00,4106.00,-221.00,0.47,0.55,0.53,0.44
2023-12-29 16:08:48.495544,695,3.00,0.00,1.00,69.00,4109.00,-244.00,0.47,0.55,0.53,0.44
2023-12-29 16:08:48.555562,696,1.00,2.00,0.00,69.00,4100.00,-246.00,0.47,0.55,0.53,0.44
2023-12-29 16:08:48.620044,697,2.00,2.00,2.00,75.00,4103.00,-229.00,0.47,0.55,0.53,0.44
2023-12-29 16:08:48.626067,698,0.00,2.00,2.00,74.00,4092.00,-236.00,0.47,0.55,0.53,0.44
2023-12-29 16:08:48.633000,699,-2.00,0.00,0.00,78.00,4094.00,-239.00,0.47,0.55,0.53,0.44
2023-12-29 16:08:48.639977,700,1.00,2.00,0.00,66.00,4101.00,-248.00,0.47,0.55,0.53,0.44
2023-12-29 16:08:48.677029,701,1.00,2.00,0.00,69.00,4108.00,-232.00,0.47,0.55,0.53,0.44
2023-12-29 16:08:48.682012,702,2.00,2.00,0.00,66.00,4102.00,-247.00,0.47,0.55,0.53,0.44
2023-12-29 16:08:48.689985,703,-1.00,3.00,-1.00,84.00,4106.00,-219.00,0.47,0.55,0.53,0.44
2023-12-29 16:08:48.736719,704,0.00,2.00,0.00,67.00,4093.00,-246.00,0.47,0.55,0.53,0.44
2023-12-29 16:08:48.744691,705,-1.00,3.00,-1.00,75.00,4112.00,-235.00,0.47,0.55,0.53,0.44
2023-12-29 16:08:48.750674,706,1.00,1.00,1.00,77.00,4100.00,-232.00,0.47,0.55,0.53,0.44
2023-12-29 16:08:48.797046,707,1.00,1.00,1.00,77.00,4100.00,-232.00,0.47,0.55,0.53,0.44
2023-12-29 16:08:48.805532,708,0.00,2.00,0.00,79.00,4092.00,-244.00,0.47,0.55,0.53,0.44
2023-12-29 16:08:48.810568,709,-1.00,0.00,4.00,76.00,4101.00,-233.00,0.47,0.55,0.53,0.44
2023-12-29 16:08:48.856817,710,0.00,2.00,2.00,75.00,4097.00,-247.00,0.47,0.55,0.53,0.44
2023-12-29 16:08:48.863796,711,0.00,0.00,1.00,80.00,4117.00,-236.00,0.47,0.55,0.53,0.44
2023-12-29 16:08:48.870775,712,2.00,-2.00,0.00,80.00,4093.00,-238.00,0.47,0.55,0.53,0.44
2023-12-29 16:08:48.919813,713,1.00,0.00,2.00,66.00,4099.00,-243.00,0.47,0.55,0.53,0.44
2023-12-29 16:08:48.925921,714,2.00,1.00,1.00,85.00,4105.00,-245.00,0.47,0.55,0.53,0.44
2023-12-29 16:08:48.930912,715,-1.00,-1.00,1.00,72.00,4100.00,-226.00,0.47,0.55,0.53,0.44
2023-12-29 16:08:48.977045,716,-1.00,2.00,0.00,78.00,4107.00,-224.00,0.47,0.55,0.53,0.44
2023-12-29 16:08:48.983002,717,2.00,-1.00,-1.00,83.00,4103.00,-234.00,0.47,0.55,0.53,0.44
2023-12-29 16:08:48.988987,718,0.00,4.00,-1.00,58.00,4089.00,-235.00,0.47,0.55,0.53,0.44
2023-12-29 16:08:49.037306,719,0.00,2.00,1.00,79.00,4108.00,-232.00,0.47,0.55,0.53,0.44
2023-12-29 16:08:49.045288,720,0.00,2.00,1.00,79.00,4104.00,-228.00,0.47,0.55,0.53,0.44
2023-12-29 16:08:49.052260,721,3.00,1.00,0.00,74.00,4098.00,-241.00,0.47,0.55,0.53,0.44
2023-12-29 16:08:49.058242,722,0.00,2.00,1.00,64.00,4118.00,-238.00,0.47,0.55,0.53,0.44
2023-12-29 16:08:49.097110,723,0.00,2.00,0.00,80.00,4115.00,-239.00,0.47,0.55,0.53,0.44
2023-12-29 16:08:49.103090,724,1.00,0.00,2.00,73.00,4096.00,-237.00,0.47,0.55,0.53,0.44
2023-12-29 16:08:49.110594,725,0.00,-1.00,3.00,67.00,4105.00,-238.00,0.47,0.55,0.53,0.44
2023-12-29 16:08:49.156130,726,0.00,0.00,-1.00,71.00,4111.00,-237.00,0.47,0.55,0.53,0.44
2023-12-29 16:08:49.164358,727,0.00,0.00,1.00,70.00,4105.00,-229.00,0.47,0.55,0.53,0.44
2023-12-29 16:08:49.172325,728,-1.00,2.00,0.00,70.00,4099.00,-233.00,0.47,0.55,0.53,0.44
2023-12-29 16:08:49.217615,729,1.00,0.00,2.00,65.00,4101.00,-233.00,0.47,0.55,0.53,0.44
2023-12-29 16:08:49.226586,730,1.00,3.00,0.00,72.00,4097.00,-236.00,0.47,0.55,0.53,0.44
2023-12-29 16:08:49.337193,731,0.00,0.00,0.00,73.00,4105.00,-234.00,0.47,0.55,0.53,0.44
2023-12-29 16:08:49.344176,732,0.00,0.00,0.00,68.00,4102.00,-237.00,0.47,0.55,0.53,0.44
2023-12-29 16:08:49.349160,733,0.00,1.00,0.00,73.00,4103.00,-236.00,0.47,0.55,0.53,0.44
2023-12-29 16:08:49.355141,734,2.00,0.00,3.00,80.00,4097.00,-228.00,0.47,0.55,0.53,0.44
2023-12-29 16:08:49.396819,735,-1.00,0.00,0.00,78.00,4109.00,-240.00,0.47,0.55,0.53,0.44
2023-12-29 16:08:49.405747,736,0.00,1.00,0.00,80.00,4093.00,-242.00,0.47,0.55,0.53,0.44
2023-12-29 16:08:49.409845,737,-2.00,2.00,0.00,80.00,4100.00,-234.00,0.47,0.55,0.53,0.44
2023-12-29 16:08:49.458064,738,-2.00,2.00,-1.00,73.00,4101.00,-233.00,0.47,0.55,0.53,0.44
2023-12-29 16:08:49.463051,739,0.00,1.00,1.00,74.00,4101.00,-240.00,0.47,0.55,0.53,0.44
2023-12-29 16:08:49.470028,740,0.00,1.00,0.00,73.00,4095.00,-242.00,0.47,0.55,0.53,0.44
2023-12-29 16:08:49.521870,741,0.00,0.00,-2.00,70.00,4096.00,-243.00,0.47,0.55,0.53,0.44
2023-12-29 16:08:49.526898,742,2.00,0.00,4.00,81.00,4102.00,-228.00,0.47,0.55,0.53,0.44
2023-12-29 16:08:49.532838,743,0.00,-3.00,2.00,77.00,4104.00,-237.00,0.47,0.55,0.53,0.44
2023-12-29 16:08:49.576716,744,0.00,0.00,0.00,71.00,4096.00,-241.00,0.47,0.55,0.53,0.44
2023-12-29 16:08:49.583858,745,-2.00,1.00,3.00,79.00,4112.00,-241.00,0.47,0.55,0.53,0.44
2023-12-29 16:08:49.589843,746,-1.00,2.00,0.00,83.00,4099.00,-236.00,0.47,0.55,0.53,0.44
2023-12-29 16:08:49.594868,747,1.00,3.00,1.00,77.00,4091.00,-236.00,0.47,0.55,0.53,0.44
2023-12-29 16:08:49.638550,748,0.00,3.00,1.00,73.00,4101.00,-242.00,0.47,0.55,0.53,0.44
2023-12-29 16:08:49.644530,749,-1.00,3.00,2.00,68.00,4102.00,-242.00,0.47,0.55,0.53,0.44
2023-12-29 16:08:49.651743,750,0.00,0.00,0.00,68.00,4094.00,-226.00,0.47,0.55,0.53,0.44
2023-12-29 16:08:49.696803,751,2.00,1.00,0.00,75.00,4097.00,-247.00,0.47,0.55,0.53,0.44
2023-12-29 16:08:49.701787,752,0.00,1.00,2.00,68.00,4114.00,-248.00,0.47,0.55,0.53,0.44
2023-12-29 16:08:49.707309,753,0.00,1.00,2.00,68.00,4114.00,-248.00,0.47,0.55,0.53,0.44
2023-12-29 16:08:49.757012,754,-1.00,1.00,-1.00,66.00,4100.00,-234.00,0.47,0.55,0.53,0.44
2023-12-29 16:08:49.761341,755,1.00,4.00,1.00,64.00,4109.00,-231.00,0.47,0.55,0.53,0.44
2023-12-29 16:08:49.764305,756,1.00,4.00,1.00,64.00,4109.00,-231.00,0.47,0.55,0.53,0.44
2023-12-29 16:08:49.818827,757,-1.00,0.00,2.00,66.00,4103.00,-240.00,0.47,0.55,0.53,0.44
2023-12-29 16:08:49.824807,758,0.00,1.00,0.00,82.00,4098.00,-239.00,0.47,0.55,0.53,0.44
2023-12-29 16:08:49.828869,759,0.00,2.00,4.00,61.00,4107.00,-230.00,0.47,0.55,0.53,0.44
2023-12-29 16:08:49.876116,760,1.00,0.00,1.00,78.00,4101.00,-223.00,0.47,0.55,0.53,0.44
2023-12-29 16:08:49.880971,761,0.00,0.00,0.00,66.00,4107.00,-232.00,0.47,0.55,0.53,0.44
2023-12-29 16:08:49.887322,762,0.00,2.00,1.00,67.00,4108.00,-237.00,0.47,0.55,0.53,0.44
2023-12-29 16:08:49.936249,763,0.00,1.00,0.00,73.00,4113.00,-237.00,0.47,0.55,0.53,0.44
2023-12-29 16:08:49.942090,764,-1.00,0.00,1.00,71.00,4100.00,-238.00,0.47,0.55,0.53,0.44
2023-12-29 16:08:49.945081,765,1.00,3.00,3.00,60.00,4099.00,-229.00,0.47,0.55,0.53,0.44
2023-12-29 16:08:49.996999,766,0.00,1.00,0.00,75.00,4100.00,-239.00,0.47,0.55,0.53,0.44
2023-12-29 16:08:50.004982,767,1.00,1.00,1.00,80.00,4107.00,-238.00,0.47,0.55,0.53,0.44
2023-12-29 16:08:50.013487,768,0.00,1.00,0.00,77.00,4109.00,-243.00,0.47,0.55,0.53,0.44
2023-12-29 16:08:50.057034,769,1.00,1.00,2.00,76.00,4106.00,-243.00,0.47,0.55,0.53,0.44
2023-12-29 16:08:50.064512,770,0.00,1.00,1.00,69.00,4106.00,-227.00,0.47,0.55,0.53,0.44
2023-12-29 16:08:50.069494,771,3.00,0.00,0.00,72.00,4110.00,-237.00,0.47,0.55,0.53,0.44
2023-12-29 16:08:50.114978,772,-6.00,0.00,0.00,68.00,4103.00,-235.00,0.47,0.55,0.53,0.44
2023-12-29 16:08:50.121957,773,-3.00,2.00,0.00,80.00,4112.00,-243.00,0.47,0.55,0.53,0.44
2023-12-29 16:08:50.126938,774,0.00,0.00,1.00,71.00,4098.00,-234.00,0.47,0.55,0.53,0.44
2023-12-29 16:08:50.128970,775,1.00,1.00,-1.00,68.00,4093.00,-233.00,0.47,0.55,0.53,0.44
2023-12-29 16:08:50.176772,776,0.00,2.00,2.00,70.00,4105.00,-235.00,0.47,0.55,0.53,0.44
2023-12-29 16:08:50.185540,777,-1.00,1.00,0.00,72.00,4096.00,-226.00,0.47,0.55,0.53,0.44
2023-12-29 16:08:50.190522,778,3.00,4.00,0.00,68.00,4106.00,-238.00,0.47,0.55,0.53,0.44
2023-12-29 16:08:50.237117,779,2.00,0.00,2.00,62.00,4097.00,-238.00,0.47,0.55,0.53,0.44
2023-12-29 16:08:50.245245,780,1.00,1.00,1.00,81.00,4102.00,-241.00,0.47,0.55,0.53,0.44
2023-12-29 16:08:50.251218,781,1.00,1.00,1.00,62.00,4118.00,-222.00,0.47,0.55,0.53,0.44
2023-12-29 16:08:50.296525,782,-1.00,1.00,2.00,71.00,4101.00,-225.00,0.47,0.55,0.53,0.44
2023-12-29 16:08:50.303664,783,-2.00,1.00,0.00,80.00,4101.00,-239.00,0.47,0.55,0.53,0.44
2023-12-29 16:08:50.311250,784,-2.00,1.00,0.00,80.00,4101.00,-239.00,0.47,0.55,0.53,0.44
2023-12-29 16:08:50.356068,785,2.00,4.00,0.00,73.00,4098.00,-230.00,0.47,0.55,0.53,0.44
2023-12-29 16:08:50.362042,786,0.00,1.00,-2.00,83.00,4104.00,-240.00,0.47,0.55,0.53,0.44
2023-12-29 16:08:50.367019,787,0.00,2.00,1.00,66.00,4101.00,-241.00,0.47,0.55,0.53,0.44
2023-12-29 16:08:50.420046,788,0.00,0.00,1.00,72.00,4101.00,-229.00,0.47,0.55,0.53,0.44
2023-12-29 16:08:50.428022,789,1.00,4.00,2.00,78.00,4094.00,-236.00,0.47,0.55,0.53,0.44
2023-12-29 16:08:50.433007,790,-1.00,3.00,1.00,63.00,4099.00,-221.00,0.47,0.55,0.53,0.44
2023-12-29 16:08:50.535454,791,1.00,1.00,0.00,86.00,4108.00,-242.00,0.47,0.55,0.53,0.44
2023-12-29 16:08:50.542710,792,1.00,0.00,0.00,62.00,4092.00,-218.00,0.47,0.55,0.53,0.44
2023-12-29 16:08:50.547698,793,-3.00,0.00,0.00,66.00,4102.00,-228.00,0.47,0.55,0.53,0.44
2023-12-29 16:08:50.554366,794,-1.00,0.00,0.00,58.00,4104.00,-236.00,0.47,0.55,0.53,0.44
2023-12-29 16:08:50.597043,795,0.00,2.00,0.00,77.00,4085.00,-236.00,0.47,0.55,0.53,0.44
2023-12-29 16:08:50.605017,796,3.00,3.00,-1.00,81.00,4100.00,-242.00,0.47,0.55,0.53,0.44
2023-12-29 16:08:50.611530,797,2.00,0.00,1.00,61.00,4107.00,-246.00,0.47,0.55,0.53,0.44
2023-12-29 16:08:50.657743,798,0.00,1.00,-1.00,71.00,4115.00,-240.00,0.47,0.55,0.53,0.44
2023-12-29 16:08:50.666712,799,0.00,1.00,0.00,70.00,4096.00,-234.00,0.47,0.55,0.53,0.44
2023-12-29 16:08:50.671066,800,-2.00,3.00,0.00,72.00,4100.00,-219.00,0.47,0.55,0.53,0.44
